gene	b_name
b0100	b0100
b0105	b0105
b0165	b0165
b0309	b0309
b0538	b0538
b0609	b0609
b0725	b0725
b1052	b1052
b1354	b1354
b1364	b1364
b1367	b1367
b1425	b1425
b1437	b1437
b1903	b1903
b2084	b2084
b2191	b2191
b2596	b2596
b2651	b2651
b2653	b2653
b3004	b3004
b3007	b3007
b3254	b3254
b3975	b3975
b4247	b4247
b4250	b4250
3'ETS-leuZ	b4759
C0293	b4806
aaaE	b4693
aas	b2836
abgR	b1339
accA	b0185
aceE	b0114
aceF	b0115
aceK	b4016
aceK-int	b4830
ackA	b2296
acpP	b1094
ada	b2213
add	b1623
adiY	b4116
agp	b1002
agrA	b4712
agrB	b4713
ahpF	b0606
aidB	b4187
alaV	b0203
allZ	b4831
alpA	b2624
amn	b1982
ampD	b0110
ampE	b0111
ampG	b0433
ansA	b1767
ansB	b2957
apaG	b0050
appA	b0980
appY	b0564
apt	b0469
araA	b0062
araB	b0063
araC	b0064
araD	b0061
araE	b2841
araF	b1901
araG	b1900
araH	b1898
araH	b1899
araH	b4460
arcB	b3210
argB	b3959
argE	b3957
argF	b0273
argG	b3172
argH	b3960
argI	b4254
argL	b4766
argT	b2310
argW	b2348
argX	b3796
aroA	b0908
aroB	b3389
aroC	b2329
aroD	b1693
aroE	b3281
aroF	b2601
aroG	b0754
aroH	b1704
aroK	b3390
aroL	b0388
aroM	b0390
arrS	b4704
artI	b0863
artJ	b0860
artM	b0861
artP	b0864
artQ	b0862
asnA	b3744
asnB	b0674
asnC	b3743
asnT	b1977
asnU	b1986
asnV	b1989
asnW	b1984
aspA	b4139
aspC	b0928
aspU	b0206
aspV	b0216
aspX	b4825
asr	b1597
atoA	b2222
atoB	b2224
atoC	b2220
atoD	b2221
atoE	b2223
atoS	b2219
avtA	b3572
azuC	b4663
b0017	b0017
b0701	b0701
baeR	b2079
baeS	b2078
bax	b3570
baxL	b4794
bcp	b2480
betA	b0311
betB	b0312
betI	b0313
betT	b0314
bfr	b3336
bhsB	b4832
bioA	b0774
bioB	b0775
bioC	b0777
bioD	b0778
bioF	b0776
bisC	b3551
blr	b4409
bolA	b0435
btuC	b1711
btuD	b1709
btuE	b1710
cadB	b4132
cadC	b4133
caiE	b0035
caiF	b0034
cbl	b1987
cbpA	b1000
cca	b3056
cdd	b2143
cdh	b3918
chaA	b1216
chaB	b1217
chaC	b1218
cheA	b1888
cheB	b1883
cheW	b1887
cheY	b1882
cheZ	b1881
chiZ	b4808
cmtA	b2933
cobS	b1992
cobT	b1991
cobU	b1993
codA	b0337
codB	b0336
cof	b0446
corA	b3816
cpdB	b4213
cpxQ	b4716
crl	b0240
csgA	b1042
csgB	b1041
csgD	b1040
csgE	b1039
csgF	b1038
csgG	b1037
cspA	b3556
cspB	b1557
cspF	b1558
cspG	b0990
csrB	b4408
cutC	b1874
cyaY	b3807
cybB	b1418
cynR	b0338
cynT	b0339
cynX	b0341
cyoA	b0432
cyoB	b0431
cyoC	b0430
cyoD	b0429
cyoE	b0428
cysA	b2422
cysB	b1275
cysC	b2750
cysD	b2752
cysE	b3607
cysG	b3368
cysH	b2762
cysI	b2763
cysJ	b2764
cysM	b2421
cysN	b2751
cysP	b2425
cysT	b1910
cysW	b2423
cysZ	b2413
cytR	b3934
cyuA	b3109
cyuA	b3108
cyuA	b4470
dacB	b3182
dacC	b0839
dam	b3387
dapA	b2478
dapB	b0031
dapF	b3809
dcp	b1538
dctA	b3528
dcuC	b0621
ddlA	b0381
dedA	b2317
dedD	b2314
dgkA	b4042
dgoA	b3692
dgoA	b4477
dgoD	b3692
dgoD	b4478
dicF	b1574
dinF	b4044
dinI	b1061
dinQ	b4613
dmsA	b0894
dmsB	b0895
dmsC	b0896
dnaA	b3702
dnaN	b3701
dnaT	b4362
dppB	b3543
dppC	b3542
dppD	b3541
dsdA	b2366
dsdC	b2364
dsrA	b1954
dsrB	b1952
eaeH	b0297
ebgA	b3076
ebgC	b3077
ebgR	b3075
ecnA	b4410
edd	b1851
efp	b4147
elaD	b2269
emrA	b2685
emrB	b2686
emrK	b2368
emrY	b2367
endA	b2945
eno	b2779
entA	b0596
entD	b0583
entE	b0594
entF	b0586
envY	b0566
esrE	b4707
eutB	b2441
eutC	b2440
evgA	b2369
evgL	b4781
evgS	b2370
exbB	b3006
exbD	b3005
exuR	b3094
exuT	b3093
eyeA	b4690
fabA	b0954
fabG	b1093
fabH	b1091
fdhD	b3895
fdhE	b3891
fdnG	b1474
fdnH	b1475
fdnI	b1476
fdoG	b3894
fdoH	b3893
fdoI	b3892
fdx	b2525
fecA	b4291
fecB	b4290
fecC	b4289
fecD	b4288
fecE	b4287
fecI	b4293
fecR	b4292
feoA	b3408
feoB	b3409
fepB	b0592
fepC	b0588
fepD	b0590
fepE	b0587
fepG	b0589
fes	b0585
ffh	b2610
ffs	b0455
fhuB	b0153
fhuC	b0151
fhuD	b0152
fhuE	b1102
fimF	b4318
fimG	b4319
fimI	b4315
fldA	b0684
fldB	b2895
flgM	b1071
flgN	b1070
flgO	b4826
flhE	b1878
fliS	b1925
fliT	b1926
fliX	b4827
flxA	b1566
focB	b2492
folE	b2153
folK	b0142
folX	b2303
frdA	b4154
frdB	b4153
frdC	b4152
frdD	b4151
frlC	b3373
frlC	b3372
frlC	b4474
fruL	b0079
fsr	b0479
ftsE	b3463
ftsO	b4810
ftsQ	b0093
ftsW	b0089
ftsY	b3464
fucI	b2802
fucK	b2803
fucO	b2799
fucP	b2801
fucR	b2805
fucU	b2804
fumA	b1612
fumB	b4122
fumC	b1611
fur	b0683
gabD	b2661
gabP	b2663
gabT	b2662
gadB	b1493
gadF	b4718
galM	b0756
gapC	b1416
gapC	b1417
gapC	b4493
gatA	b2094
gatB	b2093
gatC	b2092
gatD	b2091
gatR	b2090
gatR	b2087
gatR	b4498
gatZ	b2095
gcd	b0124
gcl	b0507
gcvA	b2808
gcvP	b2903
gcvT	b2905
gdhA	b1761
ggt	b3447
ghxQ	b2885
ghxQ	b2884
ghxQ	b4464
gldA	b3945
glgA	b3429
glgB	b3432
glgC	b3430
glgX	b3431
glk	b2388
glmS	b3729
glnA	b3870
glnB	b2553
glnE	b3053
glnH	b0811
glnP	b0810
glnQ	b0809
glnS	b0680
gloA	b1651
glpA	b2241
glpC	b2243
glpE	b3425
glpF	b3927
glpG	b3424
glpK	b3926
glpQ	b2239
glpR	b3423
glpT	b2240
glpX	b3925
gltJ	b0654
gltK	b0653
gltL	b0652
gltP	b4077
gltW	b2590
glvG	b3681 (obsolete)
glvG	b4556
glyA	b2551
glyS	b3559
gnd	b2029
gntK	b3437
gntR	b3438
gntU	b3435
gntU	b3436
gntU	b4476
gpsA	b3608
greA	b3181
greB	b3406
grpE	b2614
grxB	b1064
gsk	b0477
guaA	b2507
guaC	b0104
hdfR	b3762
hdfR	b3763
hdfR	b4480
hemD	b3804
hemE	b3997
hemX	b3803
hemY	b3802
hfq	b4172
hha	b0460
hipA	b1507
hipB	b1508
hisA	b2024
hisB	b2022
hisC	b2021
hisD	b2020
hisF	b2025
hisG	b2019
hisH	b2023
hisJ	b2309
hisL	b2018
hisM	b2307
hisP	b2306
hisQ	b2308
hisS	b2514
holA	b0640
holB	b1099
holC	b4259
holD	b4372
holE	b1842
hpt	b0125
hrpA	b1413
htpG	b0473
htpX	b1829
htrE	b0139
hupA	b4000
hyaA	b0972
hyaB	b0973
hyaD	b0975
hyaE	b0976
hyaF	b0977
hybB	b2995
hybC	b2994
hybD	b2993
hybE	b2992
hybF	b2991
hybG	b2990
hycI	b2717
hydN	b2713
hyfC	b2483
hyfD	b2484
hyfE	b2485
hyfF	b2486
hyfG	b2487
hyfH	b2488
hyfI	b2489
hyfJ	b2490
hyfR	b2491
hypA	b2726
hypC	b2728
iap	b2753
ibsA	b4667
ibsB	b4668
ibsC	b4665
ibsD	b4664
ibsE	b4666
icdC	b4519
iclR	b4018
idlP	b4722
ileV	b0202
ileX	b3069
ileY	b2652
ilvB	b3671
ilvC	b3774
ilvD	b3771
ilvE	b3770
ilvI	b0077
ilvL	b3766
ilvM	b3769
ilvN	b3670
ilvX	b4669
ilvY	b3773
insA1	b0022
insA2	b0265
insA3	b0275
insA4	b4516
insA5	b1894
insA6	b3444
insA7	b4294
insA9	b4709
insB1	b0021
insB2	b0264
insB3	b0274
insB4	b0988
insB5	b1893
insB6	b3445
insB7	b4563
insB7	b4564
insB7	b4576
insB9	b4710
insE1	b0298
insE2	b0373
insE3	b0540
insE4	b1027
insE5	b2088
insH21	b4711
insI2	b4708
insI2	b1404
insM	b4561
intG	b1936
intQ	b1579
intZ	b2442
iroK	b4706
ispA	b0421
ispZ	b4809
ivbL	b3672
katE	b1732
katG	b3942
kbl	b3617
kch	b1250
kdgT	b3909
kdpE	b0694
kdpF	b4513
kdsA	b1215
kdsB	b0918
kilS	b4833
lacA	b0342
lacI	b0345
lacY	b0343
lacZ	b0344
ldrA	b4419
ldrB	b4421
ldrC	b4423
ldrD	b4453
lepA	b2569
leuA	b0074
leuB	b0073
leuC	b0072
leuD	b0071
leuO	b0076
leuT	b3798
leuU	b3174
leuZ	b1909
lit	b1139
livF	b3454
livM	b3456
lomR	b1369
lomR	b1371
lomR	b4570
lpxA	b0181
lysA	b2838
lysQ	b0749
lysR	b2839
lysU	b4129
lysZ	b0748
malE	b4034
malF	b4033
malG	b4032
malH	b4807
malI	b1620
malS	b3571
malX	b1621
malY	b1622
malZ	b0403
map	b0168
marB	b1532
mazG	b2781
mcrC	b4345
mdh	b3236
melR	b4118
menB	b2262
menC	b2261
menD	b2264
menE	b2260
mepA	b2328
metA	b4013
metC	b3008
metF	b3941
metG	b2114
metH	b4019
metJ	b3938
metR	b3828
metW	b2815
metY	b3171
mfd	b1114
mglB	b2150
mgrR	b4698
mgtL	b4702
mgtT	b4775
mhpA	b0347
mhpB	b0348
mhpC	b0349
mhpE	b0352
mhpF	b0351
mhpR	b0346
modA	b0763
mokA	b4647
mokB	b1420
motR	b4828
mreC	b3250
mreD	b3249
mrp	b2113
mrr	b4351
msbA	b0914
msyB	b1051
mtlD	b3600
mtlR	b3601
mtr	b3161
mukB	b0924
murC	b0091
murD	b0088
murE	b0085
murG	b0090
mutL	b4170
nac	b1988
nadC	b0109
nagA	b0677
nanA	b3225
nanT	b3224
narJ	b1226
narK	b1223
narP	b2193
narQ	b2469
narS	b4813
ndh	b1109
ndk	b2518
nei	b0714
nfo	b2159
nfrA	b0568
nfrB	b0569
nhaB	b1186
ninE	b0548
nirB	b3365
nirC	b3367
nirD	b3366
nlpA	b3661
nlpC	b1708
nlpD	b2742
nrdD	b4238
nrdE	b2675
nrfA	b4070
nth	b1633
nuoA	b2288
nuoB	b2287
nuoE	b2285
nuoF	b2284
nuoG	b2283
nuoH	b2282
nuoI	b2281
nuoJ	b2280
nuoK	b2279
nuoL	b2278
nuoN	b2276
nusA	b3169
nusG	b3982
ogrK	b2082
ogt	b1335
ompG	b1319
ompT	b0565
oppA	b1243
oppB	b1244
oppC	b1245
oppD	b1246
oppF	b1247
osmB	b1283
osmC	b1482
otsA	b1896
oweE	b4692
oxyS	b4458
paaK	b1398
pabA	b3360
pabB	b1812
pabC	b1096
panB	b0134
panC	b0133
panD	b0131
panF	b3258
parC	b3019
pawZ	b4643
pcm	b2743
pcnB	b0143
pdxA	b0052
pdxH	b1638
pdxJ	b2564
pepE	b4021
pepN	b0932
pepP	b2908
pepQ	b3847
pepT	b1127
perR	b0254
pfkA	b3916
pfkB	b1723
pgi	b4025
pgk	b2926
pgpB	b1278
pgsA	b1912
pheA	b2599
pheP	b0576
pheT	b1713
phnC	b4106
phnF	b4102
phnG	b4101
phnH	b4100
phnI	b4099
phnJ	b4098
phnK	b4097
phnL	b4096
phnM	b4095
phnN	b4094
phnO	b4093
phnP	b4092
phoP	b1130
phoQ	b1129
pitB	b2987
pldA	b3821
pldB	b3825
plsB	b4041
plsX	b1090
pmrD	b2259
pmrR	b4703
pncB	b0931
pntA	b1603
pntB	b1602
pnuC	b0751
potA	b1126
potB	b1125
potC	b1124
potD	b1123
potE	b0692
potF	b0854
potG	b0855
potH	b0856
potI	b0857
poxB	b0871
ppa	b4226
ppdA	b2826
ppdD	b0108
ppiB	b0525
ppk	b2501
ppx	b2502
prfH	b0236
priB	b4201
priC	b0467
proP	b4111
psaA	b4645
psd	b4160
psiF	b0384
pspB	b1305
pspC	b1306
pspD	b1307
pspE	b1308
pspH	b4758
pssL	b4782
pta	b2297
purH	b4006
purR	b1658
purT	b1849
pykA	b1854
pykF	b1676
pyrB	b4245
pyrC	b1062
pyrD	b0945
pyrE	b3642
pyrF	b1281
pyrG	b2780
pyrI	b4244
raiZ	b4805
ralA	b4714
rbsK	b3752
rbsR	b3753
rbsZ	b4804
rcsB	b2217
rcsC	b2218
rcsF	b0196
rdlA	b4420
rdlB	b4422
rdlC	b4424
rdlD	b4454
recC	b2822
recJ	b2892
recO	b2565
recQ	b3822
recR	b0472
recT	b1349
relE	b1563
rem	b1561
rhaA	b3903
rhaB	b3904
rhaD	b3902
rhaT	b3907
rhlE	b0797
rhoL	b3782
rhsA	b3593
rhsB	b3482
rhsC	b0700
rhsD	b0497
rhsE	b1456
ribA	b1277
rimI	b4373
rimL	b1427
rirA	b4760
rlpA	b0633
rnb	b1286
rnd	b1804
rnhB	b0183
rnk	b0610
rnpA	b3704
rnpB	b3123
rnt	b1652
rph	b3643
rplB	b3317
rplC	b3320
rplE	b3308
rplF	b3305
rplI	b4203
rplJ	b3985
rplL	b3986
rplM	b3231
rplN	b3310
rplO	b3301
rplP	b3313
rplQ	b3294
rplR	b3304
rplS	b2606
rplU	b3186
rplW	b3318
rplX	b3309
rplY	b2185
rpmB	b3637
rpmC	b3312
rpmD	b3302
rpmE	b3936
rpmF	b1089
rpmG	b3636
rpmI	b1717
rpsB	b0169
rpsC	b3314
rpsG	b3341
rpsH	b3306
rpsI	b3230
rpsK	b3297
rpsM	b3298
rpsN	b3307
rpsP	b2609
rpsR	b4202
rpsS	b3316
rpsU	b3065
rrfA	b3855
rrfB	b3971
rrfC	b3759
rrfD	b3274
rrfE	b4010
rrfG	b2588
rrfH	b0205
rrlA	b3854
rrlB	b3970
rrlC	b3758
rrlD	b3275
rrlE	b4009
rrlG	b2589
rrlH	b0204
rrsA	b3851
rrsB	b3968
rrsC	b3756
rrsD	b3278
rrsE	b4007
rrsG	b2591
rrsH	b0201
rseB	b2571
rseC	b2570
rseD	b4725
rspA	b1581
rspB	b1580
ruvA	b1861
ruvB	b1860
ruvC	b1863
rybA	b4416
rydC	b4597
ryfD	b4609
ryjB	b4624
rzoD	b4510
rzoQ	b4689
rzoR	b4528
sapA	b1294
sapB	b1293
sapC	b1292
sapF	b1290
sbcC	b0397
sbmA	b0377
sbp	b3917
sdaA	b1814
sdaB	b2797
sdiA	b1916
sdsN	b4719
secB	b3609
secD	b0408
secF	b0409
serA	b2913
serB	b4388
serS	b0893
serW	b0883
serX	b1032
sfmA	b0530
sfmC	b0531
sfmD	b0532
sfmH	b0533
sgcB	b4565
sgrT	b4662
sieB	b1353
slp	b3506
slyA	b1642
slyB	b1641
slyD	b3349
slyX	b3348
smf	b3286
smf	b3285
smf	b4473
smg	b3284
sodA	b3908
sodB	b1656
sodC	b1646
sohB	b1272
sokA	b4614
sokB	b4429
sokE	b4700
sokX	b4701
solA	b1059
soxS	b4062
speA	b2938
speB	b2937
speC	b2965
speD	b0120
speE	b0121
speF	b0693
speFL	b4803
speG	b1584
spf	b3864
spoT	b3650
sppA	b1766
spy	b1743
sroH	b4691
sseB	b2522
sspB	b3228
sucB	b0727
sucC	b0728
sucD	b0729
surA	b0053
talA	b2464
tap	b1885
tatD	b3841
tatD	b3840
tatD	b4483
tdcA	b3118
tdcC	b3116
tdcG	b3111
tdcG	b3112
tdcG	b4471
tdcR	b3119
tdh	b3616
tdk	b1238
tehA	b1429
tehB	b1430
tesB	b0452
thiC	b3994
thiM	b2104
thrB	b0003
thrC	b0004
thrL	b0001
thrS	b1719
thrT	b3979
thrU	b3976
thrV	b3273
thrW	b0244
thyA	b2827
tig	b0436
timP	b4812
timR	b4811
tktB	b2465
tolR	b0738
torA	b0997
torC	b0996
torD	b0998
torI	b4501
torR	b0995
tpr	b1229
treB	b4240
treF	b3519
treR	b4241
trg	b1421
trkA	b3290
trkG	b1363
trkH	b3849
trmD	b2607
trpB	b1261
trpS	b3384
tsf	b0170
ttcC	b4638
tyrA	b2600
tyrB	b4054
tyrP	b1907
tyrR	b1323
tyrS	b1637
ubiC	b4039
udk	b2066
udp	b3831
ugpC	b3450
ugpE	b3451
ugpQ	b3449
uhpA	b3669
uhpB	b3668
uhpC	b3667
uhpT	b3666
uhpU	b4829
umuD	b1183
ung	b2580
uof	b4637
uraA	b2497
ushA	b0480
uspA	b3495
uvrC	b1913
uxaB	b1521
uxuA	b4322
uxuB	b4323
uxuR	b4324
valV	b1665
valW	b1666
vsr	b1960
wcaA	b2059
wcaB	b2058
wcaC	b2057
wcaD	b2056
wcaE	b2055
wcaF	b2054
wcaJ	b2047
wcaK	b2045
wrbA	b1004
wza	b2062
wzb	b2061
wzc	b2060
xapB	b2406
xerC	b3811
xylA	b3565
xylB	b3564
xylE	b4031
xylG	b3567
xylH	b3568
xylR	b3569
xylZ	b4834
yaaA	b0006
yaaI	b0013
yaaJ	b0007
yaaW	b0011
yaaX	b0005
yaaY	b0024
yabI	b0065
yabP	b4659
yabP	b0056
yabQ	b4659
yabQ	b0057
yabR	b4726
yacC	b0122
yacG	b0101
yacH	b0117
yacL	b0119
yacM	b4727
yadC	b0135
yadE	b0130
yadG	b0127
yadH	b0128
yadK	b0136
yadL	b0137
yadM	b0138
yadN	b0141
yadS	b0157
yadW	b4728
yadX	b4765
yaeH	b0163
yaeI	b0164
yaeP	b4406
yaeQ	b0190
yaeR	b0187
yafC	b0208
yafD	b0209
yafE	b0210
yafF	b4503
yafJ	b0223
yafL	b0227
yafN	b0232
yafO	b0233
yafP	b0234
yafQ	b0225
yafS	b0213
yafT	b0217
yafU	b0218
yafV	b0219
yafW	b0246
yafX	b0248
yafY	b0251
yafZ	b0252
yagA	b0267
yagB	b0266
yagE	b0268
yagF	b0269
yagG	b0270
yagH	b0271
yagJ	b0276
yagK	b0277
yagL	b0278
yagM	b0279
yagN	b0280
yagU	b0287
yahB	b0316
yahC	b0317
yahD	b0318
yahE	b0319
yahF	b0320
yahG	b0321
yahH	b0322
yahI	b0323
yahJ	b0324
yahK	b0325
yahL	b0326
yahM	b0327
yahN	b0328
yahO	b0329
yahV	b4730
yaiA	b0389
yaiI	b0387
yaiL	b0354
yaiO	b0358
yaiP	b0363
yaiS	b0364
yaiW	b0378
yaiY	b0379
yaiZ	b0380
yajC	b0407
yajD	b0410
yajG	b0434
yajI	b0412
yajO	b0419
yajQ	b0426
yajR	b0427
ybaA	b0456
ybaB	b0471
ybaE	b0445
ybaK	b0481
ybaM	b0466
ybaN	b0468
ybaP	b0482
ybaQ	b0483
ybaT	b0486
ybaY	b0453
ybbA	b0495
ybbC	b0498
ybbD	b0500
ybbD	b0501
ybbJ	b0488
ybbO	b0493
ybbP	b0496
ybcH	b0567
ybcI	b0527
ybcJ	b0528
ybcK	b0544
ybcL	b0545
ybcM	b0546
ybcN	b0547
ybcO	b0549
ybcV	b0558
ybcW	b0559
ybcY	b0562
ybdD	b4512
ybdF	b0579
ybdG	b0577
ybdJ	b0580
ybdK	b0581
ybdL	b0600
ybdM	b0601
ybdN	b0602
ybdO	b0603
ybdR	b0608
ybdZ	b4511
ybeD	b0631
ybeF	b0629
ybeL	b0643
ybeQ	b0644
ybeR	b0645
ybeT	b0647
ybeU	b0648
ybeX	b0658
ybeY	b0659
ybfA	b0699
ybfB	b0702
ybfC	b0704
ybfD	b0706
ybfE	b0685
ybfF	b0686
ybfG	b0690
ybfG	b0691
ybfI	b4636
ybfK	b4590
ybfL	b0705
ybfO	b0703
ybfP	b0689
ybfQ	b4514
ybgC	b0736
ybgD	b0719
ybgE	b0735
ybgI	b0710
ybgO	b0716
ybgP	b0717
ybgQ	b0718
ybgS	b0753
ybgU	b4735
ybgV	b4768
ybhA	b0766
ybhB	b0773
ybhC	b0772
ybhD	b0768
ybhF	b0794
ybhG	b0795
ybhH	b0769
ybhI	b0770
ybhJ	b0771
ybhK	b0780
ybhL	b0786
ybhM	b0787
ybhN	b0788
ybhP	b0790
ybhQ	b0791
ybhR	b0792
ybhS	b0793
ybhU	b4591
ybiA	b0798
ybiB	b0800
ybiE	b4769
ybiI	b0803
ybiJ	b0802
ybiO	b0808
ybiR	b0818
ybiT	b0820
ybiU	b0821
ybiV	b0822
ybiX	b0804
ybjC	b0850
ybjD	b0876
ybjG	b0841
ybjH	b0843
ybjI	b0844
ybjJ	b0845
ybjL	b0847
ybjM	b0848
ybjN	b0853
ybjO	b0858
ybjP	b0865
ybjQ	b0866
ybjS	b0868
ybjT	b0869
ybjX	b0877
ycaC	b0897
ycaD	b0898
ycaI	b0913
ycaK	b0901
ycaL	b0909
ycaM	b0899
ycaN	b0900
ycaO	b0905
ycaP	b0906
ycaR	b0917
ycbF	b0944
ycbJ	b0919
ycbU	b0942
ycbV	b0943
ycbX	b0947
ycbZ	b0955
yccA	b0970
yccE	b1001
yccF	b0961
yccJ	b1003
yccM	b0992
yccS	b0960
yccT	b0964
yccU	b0965
yccX	b0968
ycdF	b1005
ycdU	b1029
ycdX	b1034
ycdY	b1035
yceB	b1063
yceD	b1088
yceF	b1087
yceH	b1067
yceI	b1056
yceJ	b1057
yceK	b1050
yceO	b1058
yceQ	b1085
ycfH	b1100
ycfJ	b1110
ycfL	b1104
ycfP	b1108
ycfT	b1115
ycfZ	b1121
ycgB	b1188
ycgH	b1169
ycgH	b1170
ycgH	b4491
ycgJ	b1177
ycgL	b1179
ycgM	b1180
ycgN	b1181
ycgR	b1194
ycgV	b1202
ycgX	b1161
ycgY	b1196
ycgZ	b1164
ychE	b1242
ychH	b1205
ychJ	b1233
ychN	b1219
ychS	b1228
ychT	b4771
yciA	b1253
yciB	b1254
yciC	b1255
yciE	b1257
yciF	b1258
yciG	b1259
yciH	b1282
yciI	b1251
yciK	b1271
yciN	b1273
yciO	b1267
yciU	b1248
yciW	b1287
yciY	b4595
ycjD	b1289
ycjF	b1322
ycjN	b1310
ycjO	b1311
ycjP	b1312
ycjQ	b1313
ycjS	b1315
ycjT	b1316
ycjV	b1318
ycjW	b1320
ycjX	b1321
ycjY	b1327
ydaE	b4526
ydaF	b4527
ydaS	b1357
ydaT	b1358
ydaU	b1359
ydaV	b1360
ydaW	b1361
ydaY	b1366
ydbA	b1401
ydbA	b1405
ydbA	b4492
ydbD	b1407
ydbH	b1381
ydbJ	b4529
ydbL	b1383
ydcA	b1419
ydcC	b1460
ydcD	b1457
ydcF	b1414
ydcH	b1426
ydcI	b1422
ydcJ	b1423
ydcK	b1428
ydcL	b1431
ydcO	b1433
ydcR	b1439
ydcS	b1440
ydcT	b1441
ydcU	b1442
ydcV	b1443
ydcY	b1446
ydcZ	b1447
yddA	b1496
yddB	b1495
yddE	b1464
yddG	b1473
yddH	b1462
yddJ	b1470
yddK	b1471
yddL	b1472
yddM	b1477
yddY	b4746
ydeA	b1528
ydeI	b1536
ydeJ	b1537
ydeM	b1497
ydeN	b1498
ydeO	b1499
ydeP	b1501
ydeQ	b1502
ydeR	b1503
ydeS	b1504
ydfA	b1571
ydfB	b1572
ydfC	b1573
ydfD	b1576
ydfE	b1577
ydfG	b1539
ydfI	b1542
ydfK	b1544
ydfO	b1549
ydfR	b1555
ydfU	b1560
ydfV	b1565
ydfX	b1568
ydfZ	b1541
ydgA	b1614
ydgC	b1607
ydgD	b1598
ydgH	b1604
ydgJ	b1624
ydgU	b4601
ydhF	b1647
ydhI	b1643
ydhJ	b1644
ydhK	b1645
ydhL	b1648
ydhP	b1657
ydhQ	b1664
ydhR	b1667
ydhS	b1668
ydhT	b1669
ydhU	b1670
ydhV	b1673
ydhW	b1672
ydhX	b1671
ydhY	b1674
ydiB	b1692
ydiE	b1705
ydiF	b1694
ydiH	b1685
ydiJ	b1687
ydiK	b1688
ydiL	b1689
ydiM	b1690
ydiN	b1691
ydiO	b1695
ydiP	b1696
ydiQ	b1697
ydiR	b1698
ydiS	b1699
ydiT	b1700
ydiY	b1722
ydiZ	b1724
ydjA	b1765
ydjE	b1769
ydjF	b1770
ydjG	b1771
ydjH	b1772
ydjI	b1773
ydjJ	b1774
ydjK	b1775
ydjL	b1776
ydjM	b1728
ydjO	b1730
ydjX	b1750
ydjY	b1751
ydjZ	b1752
yeaC	b1777
yeaE	b1781
yeaG	b1783
yeaH	b1784
yeaK	b1787
yeaL	b1789
yeaO	b1792
yeaQ	b1795
yeaR	b1797
yeaV	b1801
yeaW	b1802
yeaX	b1803
yeaY	b1806
yebB	b1862
yebC	b1864
yebE	b1846
yebF	b1847
yebG	b1848
yebO	b1825
yebQ	b1828
yebV	b1836
yebW	b1837
yebY	b1839
yebZ	b1840
yecA	b1908
yecD	b1867
yecE	b1868
yecF	b1915
yecH	b1906
yecJ	b4537
yecN	b1869
yecR	b1904
yecT	b1877
yecU	b4752
yecV	b4778
yedA	b1959
yedD	b1928
yedE	b1929
yedF	b1930
yedI	b1958
yedJ	b1962
yedL	b1932
yedN	b1934
yedN	b1935
yedN	b1933
yedN	b4495
yedP	b1955
yedS	b1964
yedS	b1965
yedS	b1966
yedS	b4496
yeeA	b2008
yeeD	b2012
yeeE	b2013
yeeH	b4639
yeeJ	b1978
yeeN	b1983
yeeO	b1985
yeeP	b1999
yeeR	b2001
yeeS	b2002
yeeT	b2003
yeeW	b2006
yeeY	b2015
yeeZ	b2016
yefM	b2017
yegD	b2069
yegH	b2063
yegI	b2070
yegJ	b2071
yegL	b2073
yegP	b2080
yegR	b2085
yegS	b2086
yegT	b2098
yegU	b2099
yegV	b2100
yegW	b2101
yegX	b2102
yegZ	b2083
yehA	b2108
yehB	b2109
yehC	b2110
yehD	b2111
yehE	b2112
yehI	b2118
yehK	b4541
yehL	b2119
yehP	b2121
yehQ	b2122
yehR	b2123
yehS	b2124
yehW	b2128
yehX	b2129
yehY	b2130
yeiB	b2152
yeiE	b2157
yeiG	b2154
yeiH	b2158
yeiI	b2160
yeiL	b2163
yeiP	b2171
yeiQ	b2172
yeiR	b2173
yeiS	b2145
yeiW	b4502
yejA	b2177
yejB	b2178
yejE	b2179
yejF	b2180
yejG	b2181
yejL	b2187
yejO	b2190
yfaE	b2236
yfaH	b2238
yfaP	b2225
yfaQ	b2226
yfaT	b2229
yfaU	b2245
yfaV	b2246
yfaX	b2248
yfaY	b2249
yfaZ	b2250
yfbK	b2270
yfbL	b2271
yfbM	b2272
yfbN	b2273
yfbO	b2274
yfbP	b2275
yfbR	b2291
yfbS	b2292
yfbU	b2294
yfbV	b2295
yfcA	b2327
yfcC	b2298
yfcD	b2299
yfcE	b2300
yfcF	b2301
yfcG	b2302
yfcH	b2304
yfcJ	b2322
yfcL	b2325
yfcO	b2332
yfcP	b2333
yfcQ	b2334
yfcR	b2335
yfcS	b2336
yfcV	b2339
yfcZ	b2343
yfdC	b2347
yfdE	b2371
yfdF	b2345
yfdK	b2354
yfdL	b2355
yfdP	b2359
yfdQ	b2360
yfdR	b2361
yfdS	b2362
yfdT	b2363
yfdV	b2372
yfdX	b2375
yfdY	b2377
yfeC	b2398
yfeD	b2399
yfeH	b2410
yfeK	b2419
yfeN	b2408
yfeO	b2389
yfeR	b2409
yfeS	b2420
yfeW	b2430
yfeX	b2431
yfeY	b2432
yfeZ	b2433
yffB	b2471
yffL	b2443
yffM	b2444
yffN	b2445
yffO	b2446
yffP	b2447
yffQ	b2448
yffR	b2449
yffS	b2450
yfgD	b2495
yfgG	b2504
yfgH	b2505
yfgI	b2506
yfgJ	b2510
yfgM	b2513
yfhH	b2561
yfhL	b2562
yfhM	b2520
yfhR	b2534
yfiB	b2605
yfiE	b2577
yfiF	b2581
yfiL	b2602
yfiM	b2586
yfiR	b2603
yfiS	b4783
yfjD	b2612
yfjD	b2613
yfjD	b4461
yfjH	b2623
yfjI	b2625
yfjJ	b2626
yfjM	b2629
yfjP	b2632
yfjQ	b2633
yfjR	b2634
yfjS	b2636
yfjT	b2637
yfjU	b2638
yfjW	b2642
yfjX	b2643
yfjY	b2644
yfjZ	b2645
ygaC	b2671
ygaH	b2683
ygaM	b2672
ygaP	b2668
ygaV	b2667
ygaZ	b2682
ygbA	b2732
ygbE	b2749
ygbI	b2735
ygbJ	b2736
ygbK	b2737
ygbL	b2738
ygbM	b2739
ygbN	b2740
ygcE	b2776
ygcG	b2778
ygcN	b2766
ygcO	b2767
ygcP	b2768
ygcQ	b2769
ygcR	b2770
ygcS	b2771
ygcW	b2774
ygdB	b2824
ygdD	b2807
ygdI	b2809
ygdQ	b2832
ygdR	b2833
ygdT	b4610
ygeA	b2840
ygeF	b2850
ygeG	b2851
ygeH	b2852
ygeI	b2853
ygeK	b2855
ygeL	b2856
ygeO	b2859
ygeP	b2862
ygeQ	b2863
ygeV	b2869
ygeW	b2870
ygeX	b2871
ygeY	b2872
ygfB	b2909
ygfI	b2921
ygfK	b2878
ygfM	b2880
ygfS	b2886
ygfT	b2887
yggC	b2928
yggE	b2922
yggL	b2959
yggM	b2956
yggP	b2931
yggP	b2932
yggP	b4465
yggR	b2950
yggS	b2951
yggT	b2952
yggU	b2953
yggX	b2962
yghA	b3003
yghB	b3009
yghG	b2971
yghJ	b2974
yghJ	b2973
yghJ	b4466
yghO	b2981
yghQ	b2983
yghR	b2984
yghS	b2985
yghT	b2986
yghU	b2989
yghW	b2998
yghX	b2999
yghX	b3000
yghX	b4658
ygiA	b3036
ygiB	b3037
ygiC	b3038
ygiD	b3039
ygiF	b3054
ygiL	b3043
ygiN	b3029
ygiS	b3020
ygiV	b3023
ygiZ	b3027
ygjH	b3074
ygjI	b3078
ygjJ	b3079
ygjK	b3080
ygjP	b3085
ygjQ	b3086
ygjR	b3087
ygjV	b3090
yhaB	b3120
yhaC	b3121
yhaH	b3103
yhaI	b3104
yhaJ	b3105
yhaK	b3106
yhaL	b3107
yhaV	b3130
yhbE	b3184
yhbO	b3153
yhbP	b3154
yhbQ	b3155
yhbS	b3156
yhbW	b3160
yhbX	b3173
yhbY	b3180
yhcA	b3215
yhcC	b3211
yhcD	b3216
yhcE	b3217
yhcE	b4549
yhcE	b4569
yhcF	b3219
yhcG	b3220
yhcN	b3238
yhcO	b3239
yhdE	b3248
yhdJ	b3262
yhdN	b3293
yhdP	b3246
yhdP	b3245
yhdP	b4472
yhdT	b3257
yhdU	b3263
yhdV	b3267
yhdW	b3268
yhdX	b3269
yhdY	b3270
yhdZ	b3271
yheO	b3346
yheS	b3352
yheT	b3353
yheU	b3354
yheV	b4551
yhfA	b3356
yhfK	b3358
yhfL	b3369
yhfS	b3376
yhfT	b3377
yhfU	b3378
yhfW	b3380
yhfX	b3381
yhfY	b3382
yhfZ	b3383
yhgE	b3402
yhgF	b3407
yhgN	b3434
yhgO	b4788
yhgP	b4789
yhhA	b3448
yhhH	b3483
yhhI	b3484
yhhJ	b3485
yhhL	b3466
yhhM	b3467
yhhN	b3468
yhhQ	b3471
yhhS	b3473
yhhT	b3474
yhhW	b3439
yhhX	b3440
yhhY	b3441
yhhZ	b3442
yhiI	b3487
yhiJ	b3488
yhiL	b3490
yhiL	b3489
yhiL	b4660
yhiM	b3491
yhiN	b3492
yhiS	b3504
yhiY	b4790
yhjB	b3520
yhjD	b3522
yhjE	b3523
yhjJ	b3527
yhjV	b3539
yhjX	b3547
yhjY	b3548
yiaA	b3562
yiaB	b3563
yiaC	b3550
yiaD	b3552
yiaF	b3554
yiaG	b3555
yiaK	b3575
yiaL	b3576
yiaM	b3577
yiaN	b3578
yiaO	b3579
yiaT	b3584
yiaU	b3585
yiaV	b3586
yiaW	b3587
yiaY	b3589
yibA	b3594
yibF	b3592
yibG	b3596
yibH	b3597
yibI	b3598
yibL	b3602
yibN	b3611
yibQ	b3614
yibS	b4650
yibT	b4554
yibU	b4652
yibV	b4615
yibW	b4651
yibX	b4795
yibY	b4796
yicC	b3644
yicG	b3646
yicH	b3655
yicI	b3656
yicJ	b3657
yicL	b3660
yicN	b3663
yicS	b4555
yicU	b4797
yidA	b3697
yidB	b3698
yidC	b3705
yidD	b4557
yidF	b3674
yidG	b3675
yidH	b3676
yidI	b3677
yidJ	b3678
yidK	b3679
yidL	b3680
yidP	b3684
yidR	b3689
yidX	b3696
yidZ	b3711
yieE	b3712
yieH	b3715
yieK	b3718
yieL	b3719
yieP	b3755
yifB	b3765
yifK	b3795
yifL	b4558
yigA	b3810
yigB	b3812
yigE	b3815
yigE	b3814
yigE	b4482
yigF	b3817
yigG	b3818
yigI	b3820
yigL	b3826
yigZ	b3848
yihD	b3858
yihF	b3861
yihG	b3862
yihI	b3866
yihL	b3872
yihM	b3873
yihN	b3874
yihP	b3877
yihX	b3885
yiiE	b3889
yiiF	b3890
yiiG	b3896
yiiM	b3910
yiiQ	b3920
yiiR	b3921
yiiS	b3922
yiiX	b3937
yijD	b3964
yijE	b3943
yijF	b3944
yijO	b3954
yjaA	b4011
yjaB	b4012
yjaG	b3999
yjaH	b4001
yjbB	b4020
yjbD	b4023
yjbE	b4026
yjbF	b4027
yjbG	b4028
yjbH	b4029
yjbI	b4038
yjbJ	b4045
yjbL	b4047
yjbM	b4048
yjbQ	b4056
yjbR	b4057
yjbS	b4621
yjbT	b4620
yjcB	b4060
yjcE	b4065
yjcF	b4066
yjcH	b4068
yjcO	b4078
yjcS	b4083
yjdF	b4121
yjdI	b4126
yjdJ	b4127
yjdP	b4487
yjdQ	b4654
yjeH	b4141
yjeI	b4144
yjeJ	b4145
yjeM	b4156
yjeN	b4157
yjeO	b4158
yjeT	b4176
yjeV	b4670
yjfC	b4186
yjfF	b4231
yjfI	b4181
yjfJ	b4182
yjfK	b4183
yjfL	b4184
yjfM	b4185
yjfN	b4188
yjfP	b4190
yjfY	b4199
yjfZ	b4204
yjgA	b4234
yjgH	b4248
yjgL	b4253
yjgM	b4256
yjgN	b4257
yjgR	b4263
yjgW	b4274
yjgZ	b4277
yjhD	b4281
yjhE	b4282
yjhF	b4296
yjhG	b4297
yjhH	b4298
yjhI	b4299
yjhP	b4306
yjhQ	b4307
yjhR	b4308
yjhU	b4295
yjhV	b4286
yjhY	b4656
yjhZ	b4657
yjiA	b4352
yjiC	b4325
yjiG	b4329
yjiH	b4330
yjiJ	b4332
yjiK	b4333
yjiL	b4334
yjiM	b4335
yjiN	b4336
yjiR	b4340
yjiS	b4341
yjiT	b4342
yjiX	b4353
yjjA	b4360
yjjB	b4363
yjjG	b4374
yjjJ	b4385
yjjP	b4364
yjjQ	b4365
yjjU	b4377
yjjV	b4378
yjjW	b4379
yjjX	b4394
yjjY	b4402
yjjZ	b4567
ykfA	b0253
ykfB	b0250
ykfC	b0258
ykfF	b0249
ykfG	b0247
ykfH	b4504
ykfI	b0245
ykfJ	b0235
ykfK	b4628
ykfL	b4627
ykfM	b4586
ykfN	b4626
ykfO	b4815
ykgA	b0300
ykgE	b0306
ykgF	b0307
ykgG	b0308
ykgH	b0310
ykgJ	b0288
ykgL	b0295
ykgM	b0296
ykgO	b4506
ykgP	b4630
ykgQ	b4631
ykgR	b4671
ykgS	b4688
ykgV	b4729
ykiA	b0392
ykiB	b0370
ykiC	b4731
ykiD	b4732
ykiE	b4801
ylaC	b0458
ylbE	b0519
ylbE	b4507
ylbE	b4572
ylbF	b0520
ylbG	b0502
ylbI	b4632
ylcG	b4509
ylcH	b4588
ylcI	b4589
ylcJ	b4733
yldA	b4734
yliI	b0837
yliL	b0816
yliM	b4736
yljB	b4770
ymcE	b0991
ymcF	b4723
ymdA	b1044
ymdB	b1045
ymdE	b1028
ymdF	b4518
ymdG	b4737
ymfA	b1122
ymfD	b1137
ymfE	b1138
ymfH	b1142
ymfI	b1143
ymfJ	b1144
ymfL	b1147
ymfN	b1149
ymfQ	b1153
ymfR	b1150
ymgA	b1165
ymgC	b1167
ymgD	b1171
ymgF	b4520
ymgG	b1172
ymgI	b4593
ymgJ	b4594
ymgK	b4738
ymgL	b4739
ymgM	b4740
ymgN	b4816
ymiB	b4672
ymiC	b4741
ymiD	b4772
ymjA	b1295
ymjB	b4524
ymjC	b4525
ymjD	b4673
ymjE	b4742
ynaE	b1375
ynaI	b1330
ynaJ	b1332
ynaK	b1365
ynaM	b4744
ynaN	b4773
ynbA	b1408
ynbB	b1409
ynbC	b1410
ynbD	b1411
ynbE	b1382
ynbG	b4674
yncD	b1451
yncE	b1452
yncG	b1454
yncH	b1455
yncJ	b1436
yncL	b4598
yncO	b4745
yncP	b4774
yneE	b1520
yneG	b1523
yneJ	b1526
yneK	b1527
yneL	b1506
yneP	b4747
ynfA	b1582
ynfB	b1583
ynfC	b1585
ynfD	b1586
ynfE	b1587
ynfF	b1588
ynfG	b1589
ynfH	b1590
ynfK	b1593
ynfL	b1595
ynfN	b1551
ynfO	b4533
ynfQ	b4724
ynfR	b4749
ynfS	b4750
ynfT	b4748
ynfU	b4776
ynhH	b4817
yniA	b1725
yniB	b1726
yniD	b4535
ynjA	b1753
ynjB	b1754
ynjC	b1755
ynjD	b1756
ynjE	b1757
ynjF	b1758
ynjH	b1760
ynjI	b1762
yoaA	b1808
yoaB	b1809
yoaC	b1810
yoaE	b1816
yoaF	b1793
yoaG	b1796
yoaH	b1811
yoaI	b1788
yoaJ	b4675
yoaK	b4676
yoaL	b4751
yoaM	b4779
yobA	b1841
yobB	b1843
yobD	b1820
yobF	b1824
yobH	b4536
yobI	b4677
yodB	b1974
yodC	b1957
yodD	b1953
yodE	b4780
yoeB	b4539
yoeD	b4642
yoeF	b4538
yoeG	b4640
yoeH	b4641
yoeI	b4678
yoeJ	b4818
yohC	b2135
yohD	b2136
yohJ	b2141
yohK	b2142
yohO	b4542
yohP	b4679
yojO	b4604
ypaA	b4543
ypaB	b4605
ypdC	b2382
ypdE	b2384
ypdF	b2385
ypdI	b2376
ypdJ	b4545
ypdK	b4680
ypeA	b2434
ypeB	b4546
ypeC	b2390
ypeD	b4819
ypfG	b2466
ypfH	b2473
ypfJ	b2475
ypfM	b4606
ypfN	b4547
yphA	b2543
yphB	b2544
yphC	b2545
yphD	b2546
yphE	b2547
yphF	b2548
yphG	b2549
yphH	b2550
ypjA	b2647
ypjB	b2649
ypjC	b2650
ypjD	b2611
ypjF	b2646
ypjI	b4644
ypjJ	b4548
ypjK	b2635
yqaA	b2689
yqaB	b2690
yqaE	b2666
yqcA	b2790
yqcC	b2792
yqcG	b4682
yqeA	b2874
yqeB	b2875
yqeC	b2876
yqeF	b2844
yqeG	b2845
yqeH	b2846
yqeI	b2847
yqeJ	b2848
yqeK	b2849
yqeL	b4683
yqfA	b2899
yqfB	b2900
yqfE	b2915
yqfG	b4684
yqfH	b4753
yqfI	b4754
yqgA	b2966
yqgB	b2939
yqgC	b2940
yqgD	b2941
yqgE	b2948
yqgF	b2949
yqgG	b4784
yqgH	b4785
yqhA	b3002
yqhC	b3010
yqhD	b3011
yqhH	b3014
yqhI	b4755
yqhJ	b4786
yqiD	b4756
yqiG	b3046
yqiH	b3047
yqiI	b3048
yqiJ	b3050
yqiK	b3051
yqiM	b4787
yqjC	b3097
yqjD	b3098
yqjE	b3099
yqjF	b3101
yqjG	b3102
yqjK	b3100
yraH	b3142
yraI	b3143
yraJ	b3144
yraK	b3145
yraN	b3148
yraQ	b3151
yraR	b3152
yrbG	b3196
yrbL	b3207
yrbN	b4685
yrdA	b3279
yrdB	b3280
yrdD	b3283
yrdE	b4646
yrdF	b4697
yrfG	b3399
yrfJ	b4820
yrhA	b3443
yrhB	b3446
yrhC	b4552
yrhD	b4612
yriA	b4791
yriB	b4792
ysaB	b4553
ysaC	b4648
ysaD	b4649
ysaE	b4793
ysdD	b4757
ysdE	b4798
ysgA	b3830
ysgD	b4799
yshB	b4686
ytcA	b4622
ytcB	b4821
ytfA	b4205
ytfB	b4206
ytfF	b4210
ytfH	b4212
ytfI	b4215
ytfK	b4217
ytfP	b4222
ytfQ	b4227
ytfT	b4230
ytgA	b4800
ytgB	b4822
ythA	b4655
ythB	b4802
ytiA	b4715
ytiB	b4767
ytiC	b4720
ytiD	b4721
ytiE	b4823
ytjA	b4568
ytjE	b4824
yzcX	b3808
yzgL	b3427
zbiJ	b4814
zipA	b2412
zwf	b1852
aaaD	b4634
aaeA	b3241
aaeB	b3240
aaeX	b3242
aat	b0885
abgA	b1338
abgB	b1337
abgT	b1336
abpA	b2628
abpB	b2627
abrB	b0715
accB	b3255
accC	b3256
aceA	b4015
aceB	b4014
acnA	b1276
acpH	b0404
acpS	b2563
acpT	b3475
acrB	b0462
acrD	b2470
acrE	b3265
acrF	b3266
acrR	b0464
acrZ	b0762
actP	b4067
actS	b2865
adeQ	b3664
adhP	b1478
adiA	b4117
aegA	b2468
aes	b0476
afuB	b0263
agaA	b3135
agaB	b3138
agaC	b3139
agaD	b3140
agaI	b3141
agaR	b3131
agaS	b3136
agaV	b3133
agaW	b3134
ahr	b4269
alaA	b2290
alaC	b2379
alaE	b2670
alaT	b3853
alaU	b3276
alaW	b2397
alaX	b2396
aldA	b1415
aldB	b3588
alkA	b2068
alkB	b2212
alr	b4053
alsA	b4087
alsB	b4088
alsC	b4086
alsE	b4085
alsK	b4084
alx	b3088
amiA	b2435
amiB	b4169
amiC	b2817
amiD	b0867
ampC	b4150
ampH	b0376
amtB	b0451
amyA	b1927
anmK	b1640
ansP	b1453
apaH	b0049
aqpZ	b0875
araJ	b0396
arfA	b4550
arfB	b0191
argC	b3958
argK	b2918
argO	b2923
argP	b2916
argQ	b2691
argV	b2694
argY	b2693
argZ	b2692
ariR	b1166
arnE	b4544
arnF	b2258
aroP	b0112
arsB	b3502
arsC	b3503
arsR	b3501
ascB	b2716
ascF	b2715
ascG	b2714
asmA	b2064
aspS	b1866
aspT	b3760
astA	b1747
astB	b1745
astD	b1746
astE	b1744
atpI	b3739
azoR	b1412
bacA	b3057
bamB	b2512
barA	b2786
basR	b4113
bcsB	b3532
bcsC	b3530
bcsE	b3536
bcsF	b3537
bcsG	b3538
bcsQ	b3534
bdcA	b4249
bdcR	b4251
bdm	b1481
beeE	b1151
bepA	b2494
bfd	b3337
bglB	b3721
bglF	b3722
bglG	b3723
bglH	b3720
bglJ	b4366
bioH	b3412
bioP	b3827
blc	b4149
bluF	b1163
bluR	b1162
brnQ	b0401
bsmA	b4189
bssR	b0836
bssS	b1060
btsR	b2125
btsS	b2126
btsT	b4354
btuF	b0158
btuR	b1270
cadA	b4131
caiA	b0039
caiB	b0038
caiC	b0037
caiD	b0036
caiT	b0040
can	b0126
cas1	b2755
cas2	b2754
cas3	b2761
cbeA	b2004
cbpM	b0999
cbrA	b3690
cbrB	b3716
cbrC	b3717
cbtA	b2005
ccmA	b2201
ccmB	b2200
ccmD	b2198
ccmE	b2197
ccmF	b2196
ccmH	b2194
ccp	b3518
cdgI	b1785
cdsA	b0175
cecR	b0796
cedA	b1731
cfa	b1661
chbA	b1736
chbB	b1738
chbR	b1735
cheR	b1884
chiA	b3338
chiP	b0681
chiQ	b0682
cho	b1741
citC	b0618
citD	b0617
citE	b0616
citF	b0615
citG	b0613
citT	b0612
citX	b0614
clpA	b0882
clpB	b2592
clpP	b0437
clpS	b0881
clpX	b0438
clsB	b0789
clsC	b1046
cmoA	b1870
cmoB	b1871
cmtB	b2934
cnoX	b0492
cnu	b1625
coaE	b0103
cobB	b1120
cobC	b0638
comR	b1111
copA	b0484
cpdA	b3032
cpoB	b0742
cpxP	b3913
cpxP	b4484
cpxR	b3912
crcB	b0624
creA	b4397
creC	b4399
csdA	b2810
csdE	b2811
csgC	b1043
csiE	b2535
cspC	b1823
cspH	b0989
cspI	b1552
csqR	b3884
csrA	b2696
csrD	b3252
cstA	b0598
cueO	b0123
curA	b1449
cusA	b0575
cusB	b0574
cusR	b0571
cusS	b0570
cutA	b4137
cvpA	b2313
cvrA	b1191
cyaA	b3806
cyaR	b4438
cybC	b4236
cydA	b0733
cydB	b0734
cydD	b0887
cydH	b4602
cydX	b4515
cysK	b2414
cysS	b0526
cysU	b2424
dacA	b0632
dadA	b1189
damX	b3388
dapD	b0166
dapE	b2472
dauA	b1206
dbpA	b1343
dcm	b1961
dcrB	b3472
dctR	b3507
dcuA	b4138
dcuB	b4123
dcuD	b3227
dcuR	b4124
dcuS	b4125
dcyD	b1919
ddlB	b0092
ddpA	b1487
ddpB	b1486
ddpC	b1485
ddpD	b1484
ddpF	b1483
def	b3287
degQ	b3234
deoD	b4384
deoR	b0840
dfp	b3639
dgcE	b2067
dgcF	b1522
dgcI	b0834
dgcJ	b1786
dgcM	b1341
dgcN	b2604
dgcP	b1794
dgcQ	b1956
dgcT	b1025
dgoK	b3693
dgoR	b3695
dgoR	b3694
dgoR	b4479
dgoT	b3691
dgt	b0160
dhaR	b1201
diaA	b3149
dicA	b1570
dicB	b1575
dicC	b1569
digH	b1491
dinB	b0231
dinG	b0799
dinJ	b0226
djlA	b0055
djlB	b0646
dkgA	b3012
dkgB	b0207
dksA	b0145
dld	b2133
dmlR	b1799
dmsD	b1591
dnaC	b4361
dnaQ	b0215
dnaX	b0470
dppF	b3540
drpB	b1963
dsbC	b2893
dsbG	b0604
dtd	b3887
dtpB	b3496
dtpC	b4130
dtpD	b0709
dusA	b4049
dusB	b3260
dusC	b2140
dxs	b0420
eamA	b1533
eamB	b2578
ecnB	b4411
eco	b2209
efeB	b1019
efeO	b1018
efeU	b1016
efeU	b1017
efeU	b4490
elaA	b2267
elaB	b2266
elfA	b0938
elfC	b0940
elfD	b0939
elfG	b0941
elyC	b0920
emrD	b3673
entB	b0595
entC	b0593
entH	b0597
entS	b0591
epmB	b4146
epmC	b2326
eptA	b4114
eptB	b3546
eptC	b3955
erpA	b0156
essQ	b1556
etk	b0981
etp	b0982
ettA	b4391
eutA	b2451
eutE	b2455
eutG	b2453
eutH	b2452
eutJ	b2454
eutK	b2438
eutL	b2439
eutP	b2461
eutQ	b2460
eutR	b2437
eutS	b2462
eutT	b2459
exoD	b0539
exoX	b1844
fabB	b2323
fabD	b1092
fabR	b3963
fabY	b3888
fadA	b3845
fadB	b3846
fadD	b1805
fadE	b0221
fadH	b3081
fadI	b2342
fadJ	b2341
fadK	b1701
fadL	b2344
fau	b2912
fbaB	b2097
fbp	b4232
fdhF	b4079
fdrA	b0518
feoC	b3410
fetA	b0490
fetB	b0491
fhlA	b2731
fhuF	b4367
fic	b3361
fieF	b3915
fimB	b4312
fimC	b4316
fimH	b4320
fimZ	b0535
fis	b3261
fiu	b0805
fixA	b0041
fixB	b0042
fixC	b0043
fixX	b0044
fklB	b4207
fkpA	b3347
flgA	b1072
flgB	b1073
flgC	b1074
flgD	b1075
flgE	b1076
flgF	b1077
flgG	b1078
flgH	b1079
flgI	b1080
flgJ	b1081
flgK	b1082
flgL	b1083
flhA	b1879
flhC	b1891
flhD	b1892
fliJ	b1942
fliK	b1943
fliN	b1946
fliO	b1947
fliP	b1948
fliQ	b1949
fliR	b1950
fliZ	b1921
flk	b2321
fnrS	b4699
focA	b0904
folB	b3058
folC	b2315
folD	b0529
folM	b1606
folP	b3177
frc	b2374
frlA	b3370
frlB	b3371
frlD	b3374
frlR	b3375
frmA	b0356
frmB	b0355
frmR	b0357
frr	b0172
frsA	b0239
fruA	b2167
fruK	b2168
frvA	b3900
frvB	b3899
frvR	b3897
frvX	b3898
frwB	b3950
frwC	b3949
frwD	b3953
fryA	b2383
fryB	b2387
fryC	b2386
ftnB	b1902
ftsA	b0094
ftsB	b2748
ftsK	b0890
ftsN	b3933
ftsX	b3462
fumD	b1675
fumE	b2929
fxsA	b4140
gadA	b3517
gadW	b3515
gadX	b3516
gadY	b4452
galE	b0759
galK	b0757
galP	b2943
galR	b2837
galS	b2151
galT	b0758
galU	b1236
garD	b3128
garK	b3124
garL	b3126
garP	b3127
garR	b3125
gatY	b2096
gcvH	b2904
gcvR	b2479
gdx	b4148
gfcA	b0987
gfcB	b0986
gfcC	b0985
gfcD	b0984
gfcE	b0983
ghoS	b4128
ghoT	b4559
ghrA	b1033
ghxP	b4064
glcA	b2975
glcB	b2976
glcC	b2980
glcG	b2977
glf	b2036
glgP	b3428
glgS	b3049
glmU	b3730
glnD	b0167
glnK	b0450
gloB	b0212
gloC	b0927
glpB	b2242
glpD	b3426
glsA	b0485
glsB	b1524
gltF	b3214
gltS	b3653
gltT	b3969
gltU	b3757
gltV	b4008
gluQ	b0144
glvC	b3683
glyX	b4164
glyY	b4165
gmhB	b0200
gmk	b3648
gnsB	b1550
gntP	b4321
gor	b3500
gph	b3385
gpmA	b0755
gpp	b3779
grcA	b2579
grxA	b0849
grxC	b3610
grxD	b1654
gshA	b2688
gshB	b2947
gsiA	b0829
gsiB	b0830
gsiC	b0831
gsiD	b0832
gspA	b3323
gspC	b3324
gspD	b3325
gspE	b3326
gspI	b3330
gspJ	b3331
gspK	b3332
gspL	b3333
gss	b2988
gstA	b1635
gstB	b0838
guaB	b2508
guaD	b2883
gudD	b2787
gudX	b2788
gutQ	b2708
hcaT	b2536
hcr	b0872
hcxA	b0599
hcxB	b0801
hdeD	b3511
helD	b0962
hemA	b1210
hemB	b0369
hemC	b3805
hemG	b3850
hemN	b3867
hemW	b2955
hflC	b4175
hicA	b4532
hicB	b1438
higA	b3082
higB	b3083
hinT	b1103
hisR	b3797
hiuH	b1970
hofB	b0107
hofM	b3395
hofN	b3394
hofO	b3393
hofP	b3392
hofQ	b3391
hokA	b4455
hokB	b4428
hokC	b4412
hokD	b1562
hokE	b4415
hpf	b3203
hprR	b1969
hprS	b1968
hrpB	b0148
hscA	b2526
hscB	b2527
hscC	b0650
hslJ	b1379
hslO	b3401
hspQ	b0966
hsrA	b3754
htrL	b3618
hxpA	b2293
hxpB	b1727
hyaC	b0974
hybA	b2996
hybO	b2997
hycA	b2725
hycB	b2724
hycC	b2723
hycD	b2722
hycE	b2721
hycF	b2720
hycG	b2719
hycH	b2718
hyfA	b2481
hyfB	b2482
hypB	b2727
hypD	b2729
hypE	b2730
hypF	b2712
hyuA	b2873
iadA	b4328
ibaG	b3190
idi	b2889
idnD	b4267
idnK	b4268
idnO	b4266
igaA	b3398
ileS	b0026
ileT	b3852
ileU	b3277
ilvA	b3772
ilvG	b3767
ilvG	b3768
ilvG	b4488
ilvH	b0078
inaA	b2237
infA	b0884
infB	b3168
insC1	b0360
insC2	b1403
insC3	b1997
insC4	b2861
insC5	b3044
insC6	b4272
insD1	b0361
insD2	b1402
insD3	b1996
insD4	b2860
insD5	b3045
insD6	b4273
insD7	b1578
insF1	b0299
insF2	b0372
insF3	b0541
insF4	b1026
insF5	b2089
insG	b4278
insI1	b0256
insI3	b4284
insJ	b3557
insL1	b0016
insL2	b0582
insL3	b2394
insN	b0255
insN	b0257
insN	b4587
insQ	b1432
insZ	b1240
insZ	b1239
insZ	b4573
intD	b0537
intF	b0281
intR	b1345
iprA	b0375
iraD	b4326
iraP	b0382
iscA	b2528
iscR	b2531
iscX	b2524
ispD	b2747
ispF	b2746
ispG	b2515
isrB	b4434
isrC	b4435
ivy	b0220
jayE	b1152
kdgK	b3526
kdgR	b1827
kdpA	b0698
kdpB	b0697
kdpC	b0696
kdpD	b0695
kdsD	b3197
kduI	b2843
kefB	b3350
kefC	b0047
kefF	b0046
kefG	b3351
kgtP	b2587
kptA	b4331
kup	b3747
lafU	b0230
lapA	b1279
lapB	b1280
ldcA	b1192
ldtB	b0819
ldtC	b1113
ldtD	b0925
ldtE	b1678
lepB	b2568
letA	b1833
letB	b1834
leuE	b1798
leuQ	b4370
leuS	b0642
leuV	b4368
leuW	b0672
lfhA	b0229
lgoD	b4358
lgoR	b4357
lgt	b2828
lhr	b1653
ligB	b3647
lipA	b0628
lnt	b0657
loiP	b2936
lolC	b1116
lolD	b1117
lolE	b1118
lplT	b2835
lpoA	b3147
lpoB	b1105
lpp	b1677
lptA	b3200
lptB	b3201
lptC	b3199
lptE	b0641
lptF	b4261
lptG	b4262
lpxB	b0182
lpxH	b0524
lpxK	b0915
lpxP	b2378
lpxT	b2174
lrhA	b2289
lspA	b0027
lsrB	b1516
lsrC	b1514
lsrD	b1515
lsrF	b1517
lsrG	b1518
lsrK	b1511
lsrR	b1512
luxS	b2687
lysC	b4024
lysO	b0874
lysP	b2156
lysV	b2404
maa	b0459
macA	b0878
macB	b0879
maeA	b1479
maeB	b2463
mak	b0394
malK	b4035
malM	b4037
malQ	b3416
malT	b3418
manA	b1613
maoP	b3764
matP	b0956
mcbA	b0806
mcbR	b1450
mcrA	b1159
mcrB	b4346
mdaB	b3028
mdlA	b0448
mdlB	b0449
mdtA	b2074
mdtB	b2075
mdtC	b2076
mdtE	b3513
mdtF	b3514
mdtG	b1053
mdtH	b1065
mdtI	b1599
mdtJ	b1600
mdtL	b3710
mdtM	b4337
mdtU	b4777
melA	b4119
melB	b4120
menA	b3930
menF	b2265
menH	b2263
menI	b1686
mepH	b1655
mepK	b0926
mepM	b1856
metB	b3939
metE	b3829
metK	b2942
metL	b3940
metT	b0673
metZ	b2814
mglC	b2148
mgrB	b1826
mgtS	b4599
mhpD	b0350
mhpT	b0353
miaA	b4171
miaB	b0661
micF	b4439
minC	b1176
minD	b1175
minE	b1174
mioC	b3742
mipA	b1782
mlaA	b2346
mlaB	b3191
mlaC	b3192
mlaD	b3193
mlaE	b3194
mlaF	b3195
mlc	b1594
mliC	b1639
mlrA	b2127
mltB	b2701
mltC	b2963
mltF	b2558
mltG	b1097
mmuM	b0261
mmuP	b0260
mnaT	b1448
mngB	b0732
mntP	b1821
mntR	b0817
mntS	b4705
moaB	b0782
moaC	b0783
moaE	b0785
mobB	b3856
mocA	b2877
moeB	b0826
mokC	b0018
motA	b1890
motB	b1889
mpaA	b1326
mppA	b1329
mprA	b2684
mqo	b2210
mqsA	b3021
mqsR	b3022
mraY	b0087
mraZ	b0081
mrcA	b3396
mrdA	b0635
mrdB	b0634
mscL	b3291
mscM	b4159
mscS	b2924
msrB	b1778
msrC	b1832
msrP	b1971
msrQ	b1972
mtfA	b1976
mtlA	b3599
mug	b3068
mukF	b0922
murB	b3972
murF	b0086
murP	b2429
murQ	b2428
murR	b2427
mutM	b3635
mutT	b0099
mutY	b2961
nadA	b0750
nadR	b4390
nagB	b0678
nagC	b0676
nagK	b1119
nagZ	b1107
nanC	b4311
nanE	b3223
nanK	b3222
nanM	b4310
nanQ	b3221
nanR	b3226
nanS	b4309
nanX	b4279
nanY	b4280
napB	b2203
napC	b2202
napD	b2207
napF	b2208
napH	b2204
narH	b1225
narI	b1227
narU	b1469
narV	b1465
narW	b1466
narY	b1467
narZ	b1468
nemA	b1650
nemR	b1649
nepI	b3662
nfeF	b3070
nfeR	b3071
nfi	b3998
nhoA	b1463
nikR	b3481
nimR	b1790
nimT	b1791
nlpE	b0192
nlpI	b3163
nmpC	b0553
nnr	b4167
nohA	b1548
nohD	b0560
norR	b2709
nrdA	b2234
nrdB	b2235
nrdF	b2676
nrdG	b4237
nrdH	b2673
nrdI	b2674
nrdR	b0413
nrfB	b4071
nrfC	b4072
nrfD	b4073
nrfE	b4074
nrfF	b4075
nsrR	b4178
nudC	b3996
nudE	b3397
nudI	b2251
nudJ	b1134
nudK	b2467
nudL	b1813
nuoC	b2286
nuoM	b2277
nupC	b2393
nupG	b2964
nupX	b2161
ohsC	b4608
ompL	b3875
ompN	b1377
ompW	b1256
opgE	b0815
orn	b4162
ortT	b1445
osmE	b1739
osmF	b2131
osmY	b4376
otsB	b1897
oxc	b2373
paaA	b1388
paaB	b1389
paaC	b1390
paaD	b1391
paaE	b1392
paaG	b1394
paaI	b1396
paaJ	b1397
paaX	b1399
paaY	b1400
paeA	b4218
pal	b0741
panE	b0425
paoA	b0286
paoB	b0285
paoC	b0284
paoD	b0283
parE	b3030
pbl	b2854
pbpC	b2519
pbpG	b2134
pck	b3403
pdeA	b2395
pdeB	b0457
pdeC	b4061
pdeD	b1815
pdeF	b2503
pdeG	b1168
pdeH	b3525
pdeI	b0833
pdeK	b3529
pdeL	b0315
pdeN	b2176
pdxB	b2320
pdxI	b1406
pdxY	b1636
peaD	b4508
pepB	b2523
pepD	b0237
pflA	b0902
pflB	b0903
pflC	b3952
pflD	b3951
pgeF	b2593
pgl	b0767
pgm	b0688
pgpA	b0418
pgpC	b2560
pgrR	b1328
pheL	b2598
pheM	b1715
pheS	b1714
pheV	b2967
phnE	b4103
phnE	b4104
phnE	b4583
phoA	b0383
phoE	b0241
phoH	b1020
php	b3379
phr	b0708
pinE	b1158
pinH	b2648
pinQ	b1545
pinR	b1374
pitA	b3493
plaP	b2014
plaR	b3574
pliG	b1178
plsC	b3018
plsY	b3059
pncC	b2700
pnp	b3164
polA	b3863
polB	b0060
ppdB	b2825
ppdC	b2823
pphC	b2072
ppiC	b3775
ppiD	b0441
ppnN	b2795
ppnP	b0391
pppA	b2972
ppsA	b1702
ppsR	b1703
pptA	b1461
pqiC	b0952
prc	b1830
preA	b2147
preT	b2146
prfB	b2891
priA	b3935
prkB	b3355
prlC	b3498
prmB	b2330
prmC	b1212
proK	b3545
proL	b2189
proM	b3799
proY	b0402
prpB	b0331
prpE	b0335
prpR	b0330
psiE	b4030
pspA	b1304
pspF	b1303
pspG	b4050
pssA	b2585
pstB	b3725
pstC	b3727
pth	b1204
ptrA	b2821
ptrB	b1845
ptsI	b2416
punC	b1660
punR	b1659
purA	b4177
purK	b0522
purL	b2557
putP	b1015
puuA	b1297
puuC	b1300
puuD	b1298
puuE	b1302
puuP	b1296
puuR	b1299
pxpA	b0713
pxpB	b0711
pxpC	b0712
pyrR	b2381
pyrS	b2380
qmcA	b0489
qorB	b4211
qseB	b3025
qseC	b3026
qseG	b2555
queA	b0405
queC	b0444
queE	b2777
queF	b2794
queG	b4166
quuD	b0551
racC	b1351
radA	b4389
rapZ	b3205
rarD	b3819
ratA	b2619
ravA	b3746
rayT	b0228
rbsD	b3748
rcbA	b1347
rcdA	b0846
rcdB	b3521
rclA	b0304
rclB	b0303
rclC	b0301
rclR	b0305
rcnA	b2106
rcnB	b2107
rcnR	b2105
rcsA	b1951
rdcB	b4110
rdgB	b2954
rdgC	b0393
recD	b2819
recF	b3700
recN	b2616
recX	b2698
relA	b2784
relB	b1564
renD	b0542
rfbD	b2040
rfe	b3784
rffG	b3788
rffH	b3789
rflP	b1707
rhaM	b3901
rhaR	b3906
rhaS	b3905
rhlB	b3780
rhmD	b2247
rhtA	b0813
rhtB	b3824
rhtC	b3823
ribC	b1662
ribF	b0025
ridA	b4243
rihA	b0651
rihB	b2162
rihC	b0030
rimJ	b1066
rimK	b0852
rimM	b2608
rimO	b0835
rimP	b3170
rlhA	b1435
rlmB	b4180
rlmF	b0807
rlmG	b3084
rlmH	b0636
rlmI	b0967
rlmJ	b3499
rlmM	b2806
rlmN	b2517
rluA	b0058
rluB	b1269
rluC	b1086
rluE	b1135
rluF	b4022
rmuC	b3832
rna	b0611
rnc	b2567
rnlB	b2631
rodZ	b2516
rof	b0189
roxA	b1128
rpiA	b2914
rplA	b3984
rplD	b3319
rplK	b3983
rplT	b1716
rplV	b3315
rpmA	b3185
rpmJ	b3299
rpnA	b3411
rpnB	b2305
rpnC	b0132
rpnD	b4338
rpnD	b4339
rpnD	b4584
rpnE	b2244
rpoC	b3988
rpoD	b3067
rpoE	b2573
rpoZ	b3649
rpsA	b0911
rpsF	b4200
rpsJ	b3321
rpsO	b3165
rpsQ	b3311
rraB	b4255
rrrQ	b1554
rsd	b3995
rseX	b4603
rsgA	b4161
rsmA	b0051
rsmC	b4371
rsmD	b3465
rsmE	b2946
rsmF	b1835
rsmG	b3740
rsmI	b3146
rsmJ	b3497
rspR	b1540
rssA	b1234
rstA	b1608
rstB	b1609
rsuA	b2183
rsxA	b1627
rsxB	b1628
rsxC	b1629
rsxD	b1630
rsxE	b1632
rsxG	b1631
rtcB	b3421
rtcR	b3422
rttR	b4425
rutA	b1012
rutB	b1011
rutC	b1010
rutD	b1009
rutE	b1008
rutF	b1007
rutG	b1006
rutR	b1013
rybB	b4417
ryfB	b4607
rzpD	b0556
rzpQ	b1553
rzpR	b1362
sad	b1525
safA	b1500
sapD	b1291
satP	b0010
sbcD	b0398
scpB	b2919
scpC	b2920
sdaC	b2796
sdhA	b0723
sdhB	b0724
sdhX	b4764
secG	b3175
secY	b3300
selA	b3591
selB	b3590
selC	b3658
selD	b1764
selO	b1706
seqA	b0687
serT	b0971
serV	b2695
setA	b0070
setB	b2170
setC	b3659
sfmF	b0534
sgbE	b3583
sgbH	b3581
sgbU	b3582
sgcA	b4302
sgcC	b4304
sgcE	b4301
sgcQ	b4303
sgcR	b4300
sgcX	b4305
sgrR	b0069
sgrS	b4577
shiA	b1981
sixA	b2340
slt	b4392
smpB	b2620
smrA	b1340
smrB	b2331
sokC	b4413
soxR	b4063
sra	b1480
srlB	b2704
srlD	b2705
srlR	b2707
sroA	b4762
sroC	b4763
sroE	b4761
sseA	b2521
ssnA	b2879
ssrA	b2621
ssrS	b2911
sstT	b3089
ssuA	b0936
ssuB	b0933
ssuC	b0934
stfE	b1157
stfQ	b1547
stfR	b1372
stpA	b2669
sucA	b0726
sufA	b1684
sufB	b1683
sufC	b1682
sufD	b1681
sufE	b1679
suhB	b2533
sutR	b1434
sxy	b0959
syd	b2793
symR	b4625
tabA	b4252
tadA	b2559
tag	b3549
talB	b0008
tamA	b4220
tar	b1886
tas	b2834
tatE	b0627
tcyL	b1918
tcyN	b1917
tcyP	b1729
tdcB	b3117
tdcD	b3115
tdcE	b3114
tdcF	b3113
tfaD	b0561
tfaE	b1156
tfaP	b1155
tfaQ	b1546
tfaR	b1373
tfaS	b2353
tfaX	b0563
tff	b4414
tgt	b0406
thiE	b3993
thiF	b3992
thiG	b3991
thiH	b3990
thiK	b1106
thiL	b0417
thiS	b4407
tisA	b4617
tisB	b4618
tktA	b2935
tldD	b3244
tmaR	b2007
tmcA	b2474
tmk	b1098
tnaC	b3707
tomB	b0461
topA	b1274
topAI	b4566
topB	b1763
torS	b0993
torT	b0994
torY	b1873
torZ	b1872
tpiA	b3919
tpx	b1324
tqsA	b1601
trhO	b1055
trhP	b2081
trmH	b3651
trmJ	b2532
trmL	b3606
trpD	b1263
trpL	b1265
trpR	b4393
truB	b3166
truC	b2791
truD	b2745
trxB	b0888
trxC	b2582
tsaB	b1807
tsaE	b4168
tsr	b4355
ttcA	b1344
ttdA	b3061
ttdB	b3062
tus	b1610
tusB	b3343
tusC	b3344
tusD	b3345
tusE	b0969
tyrV	b1230
uacT	b2888
ubiA	b4040
ubiE	b3833
ubiF	b0662
ubiI	b2906
ubiJ	b3834
ubiK	b3042
ubiT	b3157
ubiU	b3158
ubiV	b3159
ubiX	b2311
ucpA	b2426
uidC	b1615
uidR	b1618
ulaG	b4192
ulaR	b4191
umpH	b0675
umuC	b1184
upp	b2498
usg	b2319
uspB	b3494
uspC	b1895
uspD	b3923
uspE	b1333
uvrY	b1914
uxaA	b3091
valS	b4258
valU	b2401
valY	b2403
ves	b1742
waaA	b3633
waaF	b3620
waaG	b3631
waaH	b3615
waaL	b3622
waaP	b3630
waaQ	b3632
waaS	b3629
waaU	b3623
waaY	b3625
waaZ	b3624
wbbI	b2034
wbbJ	b2033
wbbK	b2032
wbbL	b2031
wbbL	b4540
wbbL	b4571
wcaI	b2050
wcaL	b2044
wcaM	b2043
wecF	b4404
wecF	b4405
wecF	b4481
wecH	b3561
wzxC	b2046
wzyE	b3793
xanP	b3654
xanQ	b2882
xapA	b2407
xdhA	b2866
xdhB	b2867
xdhC	b2868
xdhD	b2881
xerD	b2894
xisD	b4633
xisE	b1141
xisR	b1346
xseA	b2509
xseB	b0422
xthA	b1749
xylF	b3566
xynR	b0272
yaaU	b0045
yadI	b0129
yadV	b0140
yaeF	b0193
yagP	b4695
yagP	b0282
yaiT	b0371
yaiT	b0374
yaiT	b4580
yaiX	b0362
yaiX	b0359
yaiX	b4579
yajL	b0424
ybaL	b0478
ybaV	b0442
ybaZ	b0454
ybbY	b0513
ybcF	b0521
ybeM	b0626
ybeM	b0625
ybeM	b4581
ybeZ	b0660
ybgA	b0707
ybiW	b0823
ybiY	b0824
ycaQ	b0916
ycdZ	b1036
yceM	b1068
ycfK	b1154
ycgI	b1173
ycgI	b4521
ychA	b1214
ychF	b1203
ychO	b1220
ychQ	b1213
yciQ	b1268
yciT	b1284
yciV	b1266
yciX	b4523
yciZ	b4596
ycjG	b1325
ycjM	b1309
ycjR	b1314
ycjU	b1317
ydaG	b1355
ydbK	b1378
ydeE	b1534
ydeT	b1505
ydfJ	b1543
ydfT	b1559
ydfW	b1567
ydgI	b1605
ydgK	b1626
yeaD	b1780
yebK	b1853
yecM	b1875
yedK	b1931
yeeL	b1980
yeeL	b1979
yeeL	b4497
yehH	b2116
yehH	b2117
yehH	b4499
yejK	b2186
yfaA	b2230
yfaS	b2228
yfaS	b2227
yfaS	b4500
yfdG	b2350
yfdH	b2351
yfdM	b2356
yfdN	b2357
yfdO	b2358
yfgO	b2493
yfiC	b2575
yfjF	b2618
ygaY	b2680
ygaY	b2681
ygcU	b2772
ygcU	b2773
ygcU	b4463
ygeN	b2857
ygeN	b2858
ygfF	b2902
ygfX	b2896
ygfZ	b2898
yggF	b2930
yggI	b2944
yggN	b2958
yghD	b2968
yghE	b2969
yghF	b2970
ygiQ	b3016
ygiQ	b3015
ygiQ	b4469
ygiW	b3024
yhdH	b3253
yhfG	b3362
yhgH	b3413
yhiD	b3508
yhjG	b3524
yhjR	b3535
yibJ	b3595
yicR	b3638
yidE	b3685
yidQ	b3688
yieF	b3713
yihA	b3865
yihO	b3876
yihQ	b3878
yihR	b3879
yihS	b3880
yihT	b3881
yihU	b3882
yihV	b3883
yihY	b3886
yjaZ	b3989
yjdC	b4135
yjdM	b4108
yjdN	b4107
yjgX	b4276
yjgX	b4275
yjgX	b4560
yjgX	b4575
yjjI	b4380
yjtD	b4403
ylbH	b0499
ymfK	b1145
ymfM	b1148
ymfT	b1146
ymgE	b1195
ymiA	b4522
ynaA	b1368
ynaL	b4743
yncI	b1458
yncI	b1459
yncK	b4531
yncK	b4530
yncK	b4578
ynfM	b1596
ynfP	b4534
yoeA	b1995
yoeA	b1998
yoeA	b4582
yohF	b2137
yojI	b2211
yqcE	b2775
yqhG	b3013
yqiA	b3031
yqiB	b3033
yqjA	b3095
ysaA	b3573
ytfE	b4209
ytfJ	b4216
ytfR	b4228
ytfR	b4229
ytfR	b4485
ytjB	b4387
ytjC	b4395
zapA	b2910
zapB	b3928
zapC	b0946
zapD	b0102
zapE	b3232
zapG	b3233
zinT	b1973
zitB	b0752
zntA	b3469
zntB	b1342
zntR	b3292
znuB	b1859
znuC	b1858
zraR	b4004
zraS	b4003
zupT	b3040
aaeR	b3243
accD	b2316
acnB	b0118
acs	b4069
adeP	b3714
adhE	b1241
adiC	b4115
adk	b0474
aer	b3072
afuC	b0262
ahpC	b0605
ais	b2252
allA	b0505
allB	b0512
allC	b0516
allD	b0517
allR	b0506
allS	b0504
alsR	b4089
aphA	b4055
appB	b0979
appC	b0978
appX	b4592
argA	b2818
argR	b3237
argS	b1876
argU	b0536
arnB	b2253
arnC	b2254
arnD	b2256
arnT	b2257
arpA	b4017
arpB	b1721
arpB	b1720
arpB	b4494
asd	b3433
aslA	b3801
aslB	b3800
asnS	b0930
atpA	b3734
atpB	b3738
atpC	b3731
atpD	b3732
atpE	b3737
atpF	b3736
atpG	b3733
atpH	b3735
bamC	b2477
bamD	b2595
bamE	b2617
basS	b4112
bcsA	b3533
bcsZ	b3531
bglA	b2901
bglX	b2132
bhsA	b1112
bipA	b3871
birA	b3973
btuB	b3966
carB	b0033
casA	b2760
casB	b2759
casD	b2757
ccmC	b2199
ccmG	b2195
cdaR	b0162
chbC	b1737
chbF	b1734
chbG	b1733
chpB	b4225
chpS	b4224
cirA	b2155
clcA	b0155
clcB	b1592
cmoM	b0921
coaD	b3634
cpsG	b2048
creB	b4398
creD	b4400
cspD	b0880
cspE	b0623
cueR	b0487
cusC	b0572
cusF	b0573
cycA	b4208
cynS	b0340
cysQ	b4214
cyuP	b3110
dacD	b2010
dcd	b2065
ddpX	b1488
decR	b0447
degP	b0161
degS	b3235
der	b2511
dgcC	b0385
dgcZ	b1535
dhaK	b1200
dinD	b3645
dmlA	b1800
dnaE	b0184
dnaJ	b0015
dolP	b3150
dosC	b1490
dpaA	b0224
dps	b0812
dtpA	b1634
dut	b3640
dxr	b0173
ecpA	b0293
ecpB	b0292
ecpC	b0291
ecpD	b0290
ecpE	b0289
emrE	b0543
envC	b3613
envR	b3264
epd	b2927
era	b2566
essD	b0554
eutD	b2458
eutM	b2457
eutN	b2456
fadM	b0443
fcl	b2052
feaB	b1385
fimA	b4314
fimD	b4317
fimE	b4313
fkpB	b0028
flhB	b1880
fliA	b1922
fliD	b1924
fliF	b1938
fliG	b1939
fliH	b1940
fmt	b3288
folA	b0048
fpr	b3924
fruB	b2169
fsaB	b3946
ftsI	b0084
ftsL	b0083
ftsP	b3017
ftsZ	b0095
fucA	b2800
fusA	b3340
gadC	b1492
gadE	b3512
galF	b2042
gapA	b1779
gcvB	b4443
ghrB	b3553
glcD	b2979
glcE	b2978
glcE	b4468
glcF	b2978
glcF	b4467
glmM	b3176
glmY	b4441
glnG	b3868
glnL	b3869
glnW	b0668
glrR	b2554
gltA	b0720
gltI	b0655
gltX	b2400
glvB	b3682
glxK	b0514
glxR	b0509
glyQ	b3560
gmd	b2053
gnsA	b4517
gpr	b3001
groL	b4143
groS	b4142
gspB	b3322
gspF	b3327
gspG	b3328
gspH	b3329
gspM	b3334
gudP	b2789
gutM	b2706
hcaB	b2541
hcaR	b2537
hchA	b1967
hcp	b0873
hda	b2496
hdeA	b3510
hdeB	b3509
hdhA	b1619
hemF	b2436
hemH	b0475
hemL	b0154
hflD	b1132
hflK	b4174
hflX	b4173
hisI	b2026
hmp	b2552
hofC	b0106
hsdM	b4349
hsdR	b4350
hslR	b3400
hslU	b3931
hyi	b0508
hypT	b4327
iaaA	b0828
ibpA	b3687
ibpB	b3686
icd	b1136
idnT	b4265
ihfA	b1712
ihfB	b0912
infC	b1718
insH10	b3218
insH11	b3505
insH2	b0552
insH3	b0656
insH4	b1331
insH5	b1370
insH6	b1994
insH7	b2030
insH8	b2192
insH9	b2982
insO	b4283
insO	b4285
insO	b4562
insO	b4623
insX	b4505
intA	b2622
intB	b4271
intE	b1140
intS	b2349
iscU	b2529
ispB	b3187
ispE	b1208
ispH	b0029
kbaZ	b3132
kbp	b2665
kdsC	b3198
kduD	b2842
kilR	b1352
lamB	b4036
ldcC	b0186
leuP	b4369
leuX	b4270
lgoT	b4356
lhgD	b2660
lipB	b0630
lldD	b3605
lldP	b3603
lldR	b3604
lolA	b0891
lolB	b1209
lpd	b0116
lplA	b4386
lpxC	b0096
lpxD	b0179
lpxL	b1054
lsrA	b1513
ltaE	b0870
lysS	b2890
lysY	b0747
malP	b3417
marC	b1529
matA	b0294
mazE	b2783
mazF	b2782
mbiA	b0012
mcaS	b4426
mdfA	b0842
mdtD	b2077
mdtN	b4082
mdtO	b4081
mdtP	b4080
mdtQ	b2138
mdtQ	b2139
mepS	b2175
metI	b0198
metN	b0199
metQ	b0197
metU	b0666
mglA	b2149
mgsA	b0963
micA	b4442
micC	b4427
micL	b4717
mltA	b2813
mltD	b0211
mngA	b0731
mngR	b0730
mnmC	b2324
mnmE	b3706
mnmG	b3741
mntH	b2392
moaD	b0784
modB	b0764
modC	b0765
modE	b0761
modF	b0760
mpl	b4233
mrcB	b0149
mscK	b0465
msrA	b4219
mtgA	b3208
mukE	b0923
murA	b3189
murJ	b1069
mutH	b2831
mzrA	b3096
nadB	b2574
nadD	b0639
nadE	b1740
nadK	b2615
nagE	b0679
napG	b2205
narG	b1224
narL	b1221
nfuA	b3414
nhaA	b0019
nhaR	b0020
nikA	b3476
nikB	b3477
nikC	b3478
nikD	b3479
nikE	b3480
norW	b2711
nrfG	b4076
nudB	b1865
nudG	b1759
ompC	b2215
ompX	b0814
opgB	b4359
opgC	b1047
opgG	b1048
opgH	b1049
oxyR	b3961
paaF	b1393
paaH	b1395
paaZ	b1387
pagP	b0622
patD	b1444
patZ	b2584
pdeR	b1285
pdxK	b2418
pepA	b4260
pgaA	b1024
pgaB	b1023
pgaC	b1022
pgaD	b1021
pheU	b4134
phnD	b4105
phoB	b0399
phoU	b3724
pncA	b1768
ppc	b3956
pphA	b1838
pphB	b2734
ppiA	b3363
pqiA	b0950
pqiB	b0951
prfC	b4375
prlF	b3129
prmA	b3259
proA	b0243
proB	b0242
proS	b0194
proV	b2677
proW	b2678
proX	b2679
prpC	b0333
prpD	b0334
prs	b1207
psuG	b2165
psuK	b2166
psuT	b2164
ptsH	b2415
ptsN	b3204
ptsP	b2829
purB	b1131
purC	b2476
purD	b4005
purF	b2312
purM	b2499
purN	b2500
purU	b1232
putA	b1014
puuB	b1301
pyrH	b0171
pyrL	b4246
queD	b2765
racR	b1356
ralR	b1348
rapA	b0059
rarA	b0892
rbbA	b3486
rbfA	b3167
rbsA	b3749
rbsB	b3751
rbsC	b3750
rdcA	b4109
recB	b2820
recG	b3652
rfaH	b3842
rfbA	b2039
rfbB	b2041
rfbC	b2038
rfbX	b2037
rffM	b3794
rlmA	b1822
rlmC	b0859
rlmD	b2785
rmf	b0953
rnlA	b2630
rnr	b4179
rob	b4396
rpe	b3386
rpiB	b4090
rpmH	b3703
rpoN	b3202
rppH	b2830
rprA	b4431
rpsL	b3342
rraA	b3929
rrfF	b3272
rrrD	b0555
rseA	b2572
rseP	b0176
rsfS	b0637
rsmH	b0082
rtcA	b3420
rtcA	b3419
rtcA	b4475
rusA	b0550
rydB	b4430
ryfA	b4440
ryjA	b4459
sanA	b2144
scpA	b2917
sdhD	b0722
sdhE	b2897
sdsR	b4433
secE	b3981
secM	b0097
selU	b0503
serC	b0907
sfsA	b0146
sfsB	b3188
shoB	b4681
shoB	b4687
sibE	b4611
slmA	b3641
srkA	b3859
srmB	b2576
ssb	b4059
sspA	b3229
ssuD	b0935
ssuE	b0937
sthA	b3962
sufS	b1680
sulA	b0958
tam	b1519
tamB	b4221
tapT	b2583
tatA	b3836
tatB	b3838
tauA	b0365
tauB	b0366
tauC	b0367
tauD	b0368
tcdA	b2812
tesA	b0494
thiD	b2103
thiI	b0423
thiP	b0067
thiQ	b0066
thpR	b0147
tilS	b0188
tldE	b4235
tnaA	b3708
tnaB	b3709
tolQ	b0737
tonB	b1252
treA	b1197
treC	b4239
trmA	b3965
trmB	b2960
trmO	b0195
trpA	b1260
trpC	b1262
tsaC	b3282
tsaD	b3064
tsx	b0411
ttdR	b3060
ttdT	b3063
tufA	b3339
tufB	b3980
tusA	b3470
tynA	b1386
ubiD	b3843
ubiG	b2232
ubiH	b2907
ugpB	b3453
uidA	b1617
uidB	b1616
ulaA	b4193
ulaB	b4194
ulaD	b4196
ulaE	b4197
ulaF	b4198
umpG	b2744
uup	b0949
uvrA	b4058
uvrB	b0779
valT	b0744
valX	b2402
valZ	b0746
waaJ	b3626
waaO	b3627
wbbH	b2035
wzxE	b3792
wzzE	b3785
ybbW	b0511
yehM	b2120
yfcU	b2338
yfcU	b2337
yfcU	b4661
yfdI	b2352
ygdG	b2798
ygiM	b3055
yicT	b4653
yifN	b3777
yjiV	b4343
yjiV	b4344
yjiV	b4486
yzfA	b4223
znuA	b1857
zraP	b4002
zur	b4046
adeD	b3665
alaS	b2697
allE	b0515
arcZ	b4450
argD	b3359
arnA	b2255
astC	b1748
carA	b0032
casC	b2758
casE	b2756
chiX	b4585
clsA	b1249
cmk	b0910
coaA	b3974
cpsB	b2049
cra	b0080
crp	b3357
dadX	b1190
deaD	b3162
deoA	b4382
deoB	b4383
deoC	b4381
dhaL	b1199
dhaM	b1198
djlC	b0649
dnaB	b4052
dnaG	b3066
dosP	b1489
dpiA	b0620
dpiB	b0619
dppA	b3544
dsbA	b3860
dsdX	b2365
eda	b1850
emtA	b1193
envZ	b3404
epmA	b4155
fabI	b1288
fbaA	b2925
feaR	b1384
fhuA	b0150
fliC	b1923
fliE	b1937
fliI	b1941
fliL	b1944
fre	b3844
fsaA	b0825
ftnA	b1905
ftp	b2214
glaH	b2659
glaR	b2664
glnU	b0670
glnX	b0664
glrK	b2556
gltB	b3212
gltD	b3213
glyT	b3978
gmhA	b0222
gmm	b2051
gpt	b0238
hcaC	b2540
hcaD	b2542
hsdS	b4348
hslV	b3932
hupB	b0440
idnR	b4264
insH1	b0259
insK	b3558
iraM	b1160
iscS	b2530
ispU	b0174
istR	b4616
kbaY	b3137
lapC	b2188
ldhA	b1380
ldtA	b1990
livG	b3455
livH	b3457
livJ	b3460
livK	b3458
lptD	b0054
lpxM	b1855
lysW	b0745
manY	b1818
marR	b1530
mdtK	b1663
mnmA	b1133
mobA	b3857
moeA	b0827
mtn	b0159
murI	b3967
mutS	b2733
napA	b2206
narX	b1222
nfsA	b0851
nfsB	b0578
norV	b2710
npr	b3206
nudF	b3034
nusB	b0416
obgE	b3183
ompA	b0957
ompR	b3405
omrB	b4445
opgD	b1424
panZ	b3459
patA	b3073
pdhR	b0113
phoR	b0400
pqqL	b1494
prfA	b1211
proC	b0386
proQ	b1831
ptsA	b3947
qorA	b4051
radD	b2184
raiA	b2597
rcsD	b2216
recE	b1350
rep	b3778
rffC	b3790
ribB	b3041
ribD	b0414
ribE	b0415
rlmE	b3179
rlmL	b0948
rluD	b2594
rne	b1084
rng	b3247
rpoA	b3295
rpoH	b3461
rpsD	b3296
rpsE	b3303
rpsT	b0023
rssB	b1235
ryhB	b4451
sbmC	b2009
sdhC	b0721
secA	b0098
sibA	b4436
sibB	b4437
sibC	b4446
skp	b0178
sraB	b4418
sraG	b4449
srlA	b2702
symE	b4347
tatC	b3839
tcyJ	b1920
thiB	b0068
tolB	b0740
trpE	b1264
truA	b2318
trxA	b3781
tsgA	b3364
tyrU	b3977
ugpA	b3452
ulaC	b4195
uspF	b1376
uspG	b0607
uxaC	b3092
waaB	b3628
waaC	b3621
wecC	b3787
wzzB	b2027
xapR	b2405
yehF	b2115
yfaL	b2233
yneO	b1509
yneO	b1510
yneO	b4696
bamA	b0177
bcr	b2182
borD	b0557
crr	b2417
cydC	b0886
dsbD	b4136
elbB	b3209
fabF	b1095
fabZ	b0180
fadR	b1187
fepA	b0584
flu	b2000
fnr	b1334
ftsH	b3178
glmZ	b4456
glnV	b0665
glyW	b1911
gntT	b3415
gpmM	b3612
gspO	b3335
hldE	b3052
hlyE	b1182
leuL	b0075
lexA	b4043
ligA	b2411
lyxK	b3580
manX	b1817
manZ	b1819
metV	b2816
mgtA	b4242
moaA	b0781
mog	b0009
mreB	b3251
ompF	b0929
pstA	b3726
purE	b0523
rbn	b2268
rfaD	b3619
ryeA	b4432
sbcB	b2011
sraF	b4448
thrA	b0002
tolA	b0739
ubiB	b3835
ugd	b2028
viaA	b3745
wecB	b3786
wecE	b3791
yfjV	b2640
yfjV	b2639
yfjV	b2641
cpxA	b3911
csrC	b4457
dsbB	b1185
glyU	b2864
glyV	b4163
gyrA	b2231
hcaE	b2538
lon	b0439
lysT	b0743
marA	b1531
omrA	b4444
pstS	b3728
rsmB	b3289
serU	b1975
sibD	b4447
srlE	b2703
trpT	b3761
ygaQ	b2656
ygaQ	b2655
ygaQ	b2654
ygaQ	b2657
ygaQ	b2658
ygaQ	b4462
acrA	b0463
arcA	b4401
dnaK	b0014
fliM	b1945
hcaF	b2539
rnhA	b0214
tolC	b3035
recA	b2699
tyrT	b1231
rho	b3783
rpoS	b2741
lrp	b0889
ptsG	b1101
rpoB	b3987
uvrD	b3813
gyrB	b3699
hns	b1237
