protein	gene
A5A605	ykfM
C1P5Z9	ymiB
C1P600	ynbG
C1P604	yobI
C1P612	yqcG
C1P613	yqeL
P00452	nrdA
P00579	rpoD
P00803	lepB
P00804	lspA
P00954	trpS
P00956	ileS
P00957	alaS
P00959	metG
P00960	glyQ
P00961	glyS
P00962	glnS
P02358	rpsF
P02359	rpsG
P02413	rplO
P02929	tonB
P03004	dnaA
P04036	dapB
P04079	guaA
P04805	gltX
P04951	kdsB
P05852	tsaD
P06136	ftsQ
P06612	topA
P06616	era
P06709	birA
P06710	dnaX
P06959	aceF
P06961	cca
P06966	dicA
P06968	dut
P06983	hemC
P07012	prfB
P07013	priB
P07118	valS
P07395	pheT
P07813	leuS
P08192	folC
P08312	pheS
P08373	murB
P08839	ptsI
P09126	hemD
P09372	grpE
P0A6A0	ubiB
P0A6A8	acpP
P0A6B7	iscS
P0A6F5	groL
P0A6F9	groS
P0A6I3	coaA
P0A6I6	coaD
P0A6I9	coaE
P0A6K1	dapF
P0A6K3	def
P0A6L2	dapA
P0A6M8	fusA
P0A6P1	tsf
P0A6P5	der
P0A6P7	engB
P0A6P9	eno
P0A6Q3	fabA
P0A6Q6	fabZ
P0A6R0	fabH
P0A6S5	ftsB
P0A6S7	gpsA
P0A6T5	folE
P0A6W3	mraY
P0A6X1	hemA
P0A6X7	ihfA
P0A6Z1	hscA
P0A705	infB
P0A707	infC
P0A715	kdsA
P0A717	prs
P0A720	tmk
P0A722	lpxA
P0A725	lpxC
P0A749	murA
P0A752	nadD
P0A780	nusB
P0A784	orn
P0A799	pgk
P0A7A7	plsB
P0A7A9	ppa
P0A7B3	nadK
P0A7C2	lexA
P0A7D1	pth
P0A7E5	pyrG
P0A7E9	pyrH
P0A7G2	rbfA
P0A7I0	prfA
P0A7I7	ribA
P0A7J3	rplJ
P0A7J7	rplK
P0A7K2	rplL
P0A7K6	rplS
P0A7L0	rplA
P0A7L3	rplT
P0A7L8	rpmA
P0A7M2	rpmB
P0A7M6	rpmC
P0A7N4	rpmF
P0A7P5	rpmH
P0A7Q1	rpmI
P0A7R5	rpsJ
P0A7R9	rpsK
P0A7S3	rpsL
P0A7S9	rpsM
P0A7T3	rpsP
P0A7T7	rpsR
P0A7U3	rpsS
P0A7U7	rpsT
P0A7V0	rpsB
P0A7V3	rpsC
P0A7V8	rpsD
P0A7W1	rpsE
P0A7W7	rpsH
P0A7X3	rpsI
P0A7X6	rimM
P0A7Y8	rnpA
P0A7Z4	rpoA
P0A805	frr
P0A817	metK
P0A825	glyA
P0A873	trmD
P0A884	thyA
P0A887	ubiE
P0A898	ybeY
P0A8I1	yqgF
P0A8J2	dnaT
P0A8K1	psd
P0A8L1	serS
P0A8M0	asnS
P0A8M3	thrS
P0A8N3	lysS
P0A8T7	rpoC
P0A8V2	rpoB
P0A940	bamA
P0A953	fabB
P0A988	dnaN
P0A9A6	ftsZ
P0A9B2	gapA
P0A9D8	dapD
P0A9P0	lpdA
P0A9Q5	accD
P0A9Q9	asd
P0A9R4	fdx
P0A9V1	lptB
P0A9X4	mreB
P0AA10	rplM
P0AAB4	ubiD
P0AAI3	ftsH
P0AAI9	fabD
P0AAZ7	ycaR
P0AB18	tusE
P0AB71	fbaA
P0AB89	purB
P0ABD5	accA
P0ABD8	accB
P0ABF8	pgsA
P0ABG1	cdsA
P0ABG4	ftsW
P0ABG7	mrdB
P0ABH0	ftsA
P0ABH4	mreD
P0ABJ9	cydA
P0ABK2	cydB
P0ABQ0	coaBC
P0ABQ4	folA
P0ABS5	dnaG
P0AC02	bamD
P0AC13	folP
P0AC16	folB
P0AC75	waaA
P0ACB0	dnaB
P0ACB2	hemB
P0ACB4	hemG
P0ACC1	prmC
P0ACC3	erpA
P0ACC7	glmU
P0ACD4	iscU
P0ACV0	lpxL
P0ACV4	LapA
P0AD57	ispB
P0AD65	mrdA
P0AD68	ftsI
P0AD74	pheM
P0AD92	trpL
P0ADC1	lptE
P0ADC3	lolC
P0ADC6	lptG
P0ADE8	ygfZ
P0ADG4	suhB
P0ADV1	lptA
P0ADY3	rplN
P0ADY7	rplP
P0ADZ0	rplW
P0ADZ4	rpsO
P0AE18	map
P0AED7	dapE
P0AEF0	dnaC
P0AEK2	fabG
P0AEK4	fabI
P0AEN4	ftsL
P0AES4	gyrA
P0AES6	gyrB
P0AF16	murJ
P0AF67	tsaE
P0AF98	lptF
P0AFF6	nusA
P0AFG0	nusG
P0AFG3	sucA
P0AFG6	sucB
P0AFI2	parC
P0AFI7	pdxH
P0AFU8	ribC
P0AG03	ubiX
P0AG07	rpe
P0AG30	rho
P0AG40	ribF
P0AG44	rplQ
P0AG48	rplU
P0AG51	rpmD
P0AG55	rplF
P0AG59	rpsN
P0AG63	rpsQ
P0AG67	rpsA
P0AG96	secE
P0AGA2	secY
P0AGB3	rpoH
P0AGB6	rpoE
P0AGD7	ffh
P0AGE0	ssb
P0AGG0	thiL
P0AGJ9	tyrS
P0AGK1	ubiA
P0C018	rplR
P0C079	relB
P10121	ftsY
P10408	secA
P10441	lpxB
P10443	dnaE
P11875	argS
P11880	murF
P14900	murD
P15042	ligA
P16659	proS
P16926	mreC
P17169	glmS
P17443	murG
P17952	murC
P17993	ubiG
P18843	nadE
P20083	parE
P21645	lpxD
P21888	cysS
P21889	aspS
P22188	murE
P22523	mukB
P22524	mukE
P22634	murI
P22939	ispA
P23830	pssA
P23871	hemH
P23873	hipB
P23882	fmt
P23886	cydC
P23893	hemL
P23930	lnt
P24182	accC
P24186	folD
P24224	acpS
P25534	ubiH
P25539	ribD
P25714	yidC
P25745	mnmA
P26647	plsC
P27300	lpxK
P27302	tktA
P27835	wzyE
P28248	dcd
P28630	holA
P28631	holB
P28632	holD
P29018	cydD
P29680	hemE
P30014	rnt
P31120	glmM
P31554	lptD
P31991	ydcD
P33643	rluD
P38394	ydaE
P39286	rsgA
P42641	obgE
P43341	lpxH
P45568	dxr
P45748	tsaC
P45800	yrfF
P52097	tilS
P56100	cydX
P58036	yjbS
P60293	mukF
P60422	rplB
P60438	rplC
P60472	ispU
P60546	gmk
P60624	rplX
P60716	lipA
P60723	rplD
P60752	msbA
P60906	hisS
P60955	lgt
P61175	rplV
P61316	lolA
P61320	lolB
P61517	can
P61714	ribE
P61949	fldA
P62399	rplE
P62615	ispE
P62617	ispF
P62620	ispG
P62623	ispH
P64474	ydhL
P67701	higA
P68398	tadA
P68679	rpsU
P68919	rplY
P69222	infA
P69441	adk
P69913	csrA
P69924	nrdB
P69931	hda
P75957	lolD
P75958	lolE
P75968	ymfE
P75974	cohE
P75987	iraM
P76062	racR
P76063	ydaS
P76118	yncH
P76136	safA
P76156	ydfO
P76256	tsaB
P76550	yffS
P77173	zipA
P77488	dxs
P77519	yddL
Q46786	ygeF
Q46787	ygeG
Q46793	ygeN
Q46893	ispD
A5A607	ylcI
A5A611	ymgI
A5A612	ymgJ
A5A613	yciY
A5A614	yciZ
A5A615	yncL
A5A616	yneM
A5A617	ydgU
A5A618	ynhF
A5A619	yojO
A5A621	ypfM
A5A624	dinQ
A5A625	yibV
A5A627	tisB
A5A628	yjbT
A5A630	ytcA
A8DYP9	uof
A8DYQ1	ythA
C1P5Z7	sgrT
C1P5Z8	ykgR
C1P601	rzoQ
C1P602	yoaK
C1P603	yoaJ
C1P605	azuC
C1P606	yoeI
C1P607	ibsA
C1P608	ibsB
C1P609	yohP
C1P610	ypdK
C1P611	shoB
C1P614	yqfG
C1P615	ibsC
C1P616	ibsD
C1P617	ibsE
C1P618	yrbN
C1P619	ilvX
C1P620	yshB
C1P621	yjeV
E2JKY7	mgtL
G3MTW7	pmrR
O32528	ypdI
O32583	thiS
O52982	yfjS
P00350	gnd
P00363	frdA
P00370	gdhA
P00393	ndh
P00448	sodA
P00490	malP
P00509	aspC
P00547	thrB
P00550	mtlA
P00561	thrA
P00562	metL
P00582	polA
P00634	phoA
P00722	lacZ
P00805	ansB
P00811	ampC
P00816	cynS
P00861	lysA
P00864	ppc
P00887	aroH
P00888	aroF
P00893	ilvI
P00894	ilvH
P00895	trpE
P00903	pabA
P00904	trpGD
P00909	trpC
P00914	phrB
P00926	dsdA
P00934	thrC
P00935	metB
P00936	cyaA
P00944	xylA
P00946	manA
P00963	asnA
P00968	carB
P02338	tpr
P02916	malF
P02918	mrcA
P02919	mrcB
P02920	lacY
P02921	melB
P02924	araF
P02925	rbsB
P02930	tolC
P02931	ompF
P02932	phoE
P02942	tsr
P02943	lamB
P03007	dnaQ
P03014	pinE
P03018	uvrD
P03023	lacI
P03024	galR
P03030	lysR
P03061	ivbL
P03813	ygeA
P03817	mioC
P03819	kefC
P03825	gspB
P03835	insG
P03841	malM
P03959	kdpA
P03960	kdpB
P03961	kdpC
P04128	fimA
P04152	umuC
P04335	frsA
P04391	argI
P04395	alkA
P04425	gshB
P04693	tyrB
P04816	livK
P04825	pepN
P04846	nlpA
P04949	fliC
P04968	ilvA
P04982	rbsD
P04983	rbsA
P04993	recD
P04994	xseA
P04995	sbcB
P05020	pyrC
P05041	pabB
P05042	fumC
P05050	alkB
P05052	appY
P05055	pnp
P05100	tag
P05194	aroD
P05458	ptrA
P05459	pdxB
P05523	mutM
P05637	apaH
P05704	trg
P05706	srlB
P05707	srlD
P05719	hsdS
P05791	ilvD
P05793	ilvC
P05804	uidA
P05824	recN
P05825	fepA
P05827	ilvY
P05847	ttdA
P06129	btuB
P06134	ada
P06149	dld
P06282	cdh
P06609	btuC
P06610	btuE
P06611	btuD
P06715	gor
P06720	melA
P06721	metC
P06722	mutH
P06846	ebgR
P06864	ebgA
P06960	argF
P06965	dicC
P06971	fhuA
P06972	fhuB
P06974	fliM
P06986	hisC
P06987	hisB
P06988	hisD
P06989	hisI
P06992	rsmA
P06993	malT
P06996	ompC
P06999	pfkB
P07000	pldB
P07001	pntA
P07003	poxB
P07004	proA
P07010	rem
P07014	sdhB
P07017	tar
P07018	tap
P07021	yfiB
P07023	tyrA
P07024	ushA
P07026	sdiA
P07102	appA
P07109	hisP
P07117	putP
P07330	cheB
P07363	cheA
P07364	cheR
P07464	lacA
P07604	tyrR
P07623	metAS
P07639	aroB
P07648	recC
P07649	truA
P07650	deoA
P07654	pstA
P07658	fdhF
P07762	glgB
P07821	fhuC
P07822	fhuD
P07862	ddlB
P07913	tdh
P08142	ilvB
P08178	purM
P08179	purN
P08189	fimF
P08190	fimG
P08191	fimH
P08194	glpT
P08200	icd
P08201	nirB
P08202	araA
P08203	araD
P08204	araB
P08244	pyrF
P08245	yciH
P08331	cpdB
P08337	mutT
P08339	b4223
P08365	chpS
P08368	creB
P08369	creD
P08370	ygdB
P08371	ppdB
P08372	ppdC
P08390	usg
P08394	recB
P08395	sppA
P08400	phoR
P08401	creC
P08506	dacC
P08550	cvpA
P08555	dsdX
P08622	dnaJ
P08660	lysC
P08722	bglF
P08956	hsdR
P08957	hsdM
P08997	aceB
P09029	purK
P09030	xthA
P09053	avtA
P09099	xylB
P09127	hemX
P09147	galE
P09148	galT
P09151	leuA
P09152	narG
P09153	tfaE
P09154	ymfS
P09155	rnd
P09158	speE
P09162	yjaA
P09163	yjaB
P09169	ompT
P09184	vsr
P09323	nagE
P09348	motA
P09373	pflB
P09377	rhaS
P09378	rhaR
P09391	glpG
P09394	glpQ
P09424	mtlD
P09546	putA
P09549	dedD
P09551	argT
P09557	dicB
P09831	gltB
P09832	gltD
P09833	modC
P09835	uhpB
P09836	uhpC
P09980	rep
P09996	yidB
P0A698	uvrA
P0A6A3	ackA
P0A6A6	leuC
P0A6B4	alr
P0A6C1	nfo
P0A6C5	argA
P0A6C8	argB
P0A6D0	argR
P0A6D3	aroA
P0A6D5	ydiB
P0A6D7	aroK
P0A6E1	aroL
P0A6E4	argG
P0A6E6	atpC
P0A6E9	bioD2
P0A6F1	carA
P0A6F3	glpK
P0A6G3	pncC
P0A6G5	citX
P0A6G7	clpP
P0A6H1	clpX
P0A6H5	hslU
P0A6H8	clsA
P0A6I0	cmk
P0A6J1	cysC
P0A6J3	cysZ
P0A6J5	dadA
P0A6J8	ddlA
P0A6K6	deoB
P0A6L0	deoC
P0A6L4	nanA
P0A6L7	uxaB
P0A6L9	hscB
P0A6M2	dsbB
P0A6M4	dtd
P0A6N4	efp
P0A6N8	yeiP
P0A6R3	fis
P0A6S0	flgH
P0A6S3	flgI
P0A6T1	pgi
P0A6T3	galK
P0A6T9	gcvH
P0A6U3	mnmG
P0A6U5	rsmG
P0A6U8	glgA
P0A6V1	glgC
P0A6V5	glpE
P0A6V8	glk
P0A6W0	glsA2
P0A6W5	greA
P0A6W9	gshA
P0A6X3	hfq
P0A6Y1	ihfB
P0A6Y5	hslO
P0A6Y8	dnaK
P0A6Z3	htpG
P0A6Z6	nikR
P0A700	hypA
P0A703	hybF
P0A710	yciB
P0A712	kdgT
P0A729	yceF
P0A731	mgsA
P0A734	minE
P0A738	moaC
P0A742	mscL
P0A744	msrA
P0A746	msrB
P0A754	kefF
P0A756	kefG
P0A759	nagB
P0A761	nanE
P0A763	ndk
P0A766	rsxA
P0A769	mntH
P0A772	nrdI
P0A776	rppH
P0A786	pyrB
P0A790	panD
P0A794	pdxJ
P0A796	pfkA
P0A7A2	gpmB
P0A7A5	pcm
P0A7B1	ppk
P0A7B5	proB
P0A7B8	hslV
P0A7C6	pepE
P0A7C8	psiE
P0A7D4	purA
P0A7D7	purC
P0A7E1	pyrD
P0A7E3	pyrE
P0A7F3	pyrI
P0A7F6	speD
P0A7F9	queA
P0A7G6	recA
P0A7H0	recF
P0A7H3	recO
P0A7H6	recR
P0A7I4	prfC
P0A7J0	ribB
P0A7M9	rpmE
P0A7N1	ykgM
P0A7N9	rpmG
P0A7Q6	rpmJ
P0A7R1	rplI
P0A7Y0	rnc
P0A7Y4	rnhA
P0A7Z0	rpiA
P0A800	rpoZ
P0A809	ruvA
P0A812	ruvB
P0A814	ruvC
P0A821	selA
P0A823	sfsA
P0A828	smg
P0A830	dctA
P0A832	smpB
P0A836	sucC
P0A840	surE
P0A843	tatE
P0A847	tgt
P0A850	tig
P0A853	tnaA
P0A855	tolB
P0A858	tpiA
P0A862	tpx
P0A867	talA
P0A870	talB
P0A877	trpA
P0A879	trpB
P0A881	trpR
P0A890	tusA
P0A894	rapZ
P0A8A0	yebC
P0A8A2	yeeN
P0A8A4	ppsR
P0A8A8	rimP
P0A8B2	yfcN
P0A8B5	ybaB
P0A8C1	ybjQ
P0A8C4	ygfB
P0A8C8	yidD
P0A8D0	nrdR
P0A8D3	yaiI
P0A8D6	ymdB
P0A8D9	yfbV
P0A8E1	ycfP
P0A8E5	yacL
P0A8E7	yajQ
P0A8F0	upp
P0A8F4	udk
P0A8F8	uvrB
P0A8G0	uvrC
P0A8G3	uxaC
P0A8G6	wrbA
P0A8G9	xseB
P0A8H3	zupT
P0A8H6	yihI
P0A8H8	yacG
P0A8I3	yaaA
P0A8I5	trmB
P0A8I8	rlmH
P0A8J4	ybeD
P0A8J8	rhlB
P0A8K5	yaeP
P0A8K8	yihY
P0A8L5	ycgN
P0A8L7	yciU
P0A8M6	yeeX
P0A8N0	matP
P0A8N5	lysU
P0A8N7	epmA
P0A8P1	aat
P0A8P3	yggX
P0A8P6	xerC
P0A8P8	xerD
P0A8Q0	frdC
P0A8Q3	frdD
P0A8Q6	clpS
P0A8R0	rraA
P0A8R4	slyX
P0A8R7	ycjF
P0A8R9	hdfR
P0A8S1	argP
P0A8S5	uspB
P0A8S9	flhD
P0A8T1	prmA
P0A8T5	fliE
P0A8U0	syd
P0A8U2	yafD
P0A8U6	metJ
P0A8V0	rbn
P0A8V6	fadR
P0A8W0	nanR
P0A8W2	slyA
P0A8W5	yqgE
P0A8W8	yfbU
P0A8X0	yjgA
P0A8X2	yceI
P0A8X4	yccT
P0A8Y1	yjjG
P0A8Y3	yihX
P0A8Y5	yidA
P0A8Y8	entH
P0A8Z0	yciA
P0A8Z3	ybgC
P0A8Z7	yqiA
P0A901	blc
P0A903	bamC
P0A905	slyB
P0A908	mipA
P0A910	ompA
P0A912	pal
P0A915	ompW
P0A917	ompX
P0A921	pldA
P0A924	pgpB
P0A927	tsx
P0A930	wza
P0A932	gfcE
P0A935	mltA
P0A937	bamE
P0A944	rimI
P0A948	rimJ
P0A951	speG
P0A955	eda
P0A959	alaA
P0A962	ansA
P0A964	cheW
P0A968	cspD
P0A972	cspE
P0A976	cspF
P0A978	cspG
P0A982	cspH
P0A986	cspI
P0A991	fbaB
P0A993	fbp
P0A996	glpC
P0A998	ftnA
P0A9A2	ftnB
P0A9A9	fur
P0A9B6	epd
P0A9C0	glpA
P0A9C3	galM
P0A9C5	glnA
P0A9C9	glpX
P0A9D2	gstA
P0A9D4	cysE
P0A9E0	araC
P0A9E2	soxS
P0A9E5	fnr
P0A9E9	yeiL
P0A9F1	mntR
P0A9F3	cysB
P0A9F6	gcvA
P0A9F9	metR
P0A9G2	nhaR
P0A9G4	cueR
P0A9G6	aceA
P0A9G8	modE
P0A9H1	mug
P0A9H3	cadA
P0A9H5	btuR
P0A9H7	cfa
P0A9H9	cheZ
P0A9I1	citE
P0A9I3	gcvR
P0A9I5	napD
P0A9I8	nirD
P0A9J0	rng
P0A9J4	panE
P0A9J6	rbsK
P0A9J8	pheA
P0A9K1	phoH
P0A9K3	ybeZ
P0A9K7	phoU
P0A9K9	slyD
P0A9L3	fklB
P0A9L5	ppiC
P0A9L8	proC
P0A9M0	lon
P0A9M2	hpt
P0A9M5	gpt
P0A9M8	pta
P0A9N0	ptsO
P0A9N4	pflA
P0A9N8	nrdG
P0A9P4	trxB
P0A9P6	deaD
P0A9P9	idnO
P0A9Q1	arcA
P0A9Q7	adhE
P0A9R2	essD
P0A9R7	ftsE
P0A9S1	fucO
P0A9S3	gatD
P0A9S5	gldA
P0A9S7	livG
P0A9T0	serA
P0A9T4	tas
P0A9T6	ybaQ
P0A9T8	ybbA
P0A9U1	ybhF
P0A9U3	ybiT
P0A9U6	puuR
P0A9U8	ydiO
P0A9V5	yiaG
P0A9V8	yihU
P0A9W0	ulaR
P0A9W3	ettA
P0A9W6	ibaG
P0A9W9	yrdA
P0A9X1	znuC
P0A9X9	cspA
P0A9Y6	cspC
P0A9Z1	glnB
P0AA04	ptsH
P0AA16	ompR
P0AA25	trxA
P0AA31	yedF
P0AA37	rluA
P0AA39	rluC
P0AA41	truC
P0AA43	rsuA
P0AA47	plaP
P0AA49	yfdV
P0AA53	qmcA
P0AA57	yobA
P0AA60	yghB
P0AA63	yqjA
P0AA67	rhtA
P0AA70	yedA
P0AA73	yhbE
P0AA76	dgoT
P0AA78	exuT
P0AA80	garP
P0AA82	codB
P0AA84	clsB
P0AA86	dsbE
P0AA89	dosC
P0AA91	yeaY
P0AA93	ypdA
P0AA95	yacC
P0AA97	yaeQ
P0AA99	yafK
P0AAA1	yagU
P0AAA3	ecpA
P0AAA5	ymcE
P0AAA7	wzxE
P0AAA9	zraP
P0AAB2	wzb
P0AAB6	galF
P0AAB8	uspD
P0AAC0	uspE
P0AAC4	ybhL
P0AAC6	yccA
P0AAC8	iscA
P0AAD2	mtr
P0AAD4	tyrP
P0AAD6	sdaC
P0AAD8	tdcC
P0AAE0	cycA
P0AAE2	proY
P0AAE5	ydgI
P0AAE8	cadB
P0AAF1	potE
P0AAF3	araG
P0AAF6	artP
P0AAG0	dppD
P0AAG3	gltL
P0AAG5	mdlB
P0AAG8	mglA
P0AAH0	pstB
P0AAH4	sapD
P0AAH8	sapF
P0AAI1	ssuB
P0AAI5	fabF
P0AAJ1	ynfG
P0AAJ3	fdnH
P0AAJ5	fdoH
P0AAJ8	hybA
P0AAK1	hycB
P0AAK4	hydN
P0AAK7	nrfC
P0AAL0	napF
P0AAL3	napG
P0AAL6	ydhY
P0AAL9	ykgJ
P0AAM1	hyaC
P0AAM3	hypC
P0AAM7	hybG
P0AAN1	hybE
P0AAN3	hypB
P0AAN5	yaiA
P0AAN9	iraP
P0AAP1	dgcC
P0AAP3	frmR
P0AAP5	iprA
P0AAP7	yaiY
P0AAQ0	yaiZ
P0AAQ2	yajD
P0AAQ6	ybaA
P0AAR0	tomB
P0AAR3	ybaK
P0AAR5	ybaN
P0AAR8	ybaV
P0AAS0	ylaC
P0AAS3	ybbJ
P0AAS5	ylbF
P0AAS7	ybcJ
P0AAS9	ybdD
P0AAT2	ybdF
P0AAT4	ybdG
P0AAT6	rsfS
P0AAT9	ybeL
P0AAU2	ybfA
P0AAU5	ybfB
P0AAU7	ybfE
P0AAV0	ybgE
P0AAV4	ybgJ
P0AAV6	ybgS
P0AAV8	ybhH
P0AAW1	ybhP
P0AAW5	ybhQ
P0AAW9	acrZ
P0AAX3	ybiJ
P0AAX6	mcbA
P0AAX8	ybiS
P0AAY1	bssR
P0AAY4	ybjH
P0AAY6	ybjN
P0AAZ0	ybjO
P0AAZ4	rarA
P0AB01	elyC
P0AB03	ycbJ
P0AB06	ycbK
P0AB10	ymbA
P0AB12	yccF
P0AB14	yccJ
P0AB20	hspQ
P0AB24	efeO
P0AB26	yceB
P0AB28	yceD
P0AB31	yceK
P0AB33	bssS
P0AB35	ycfJ
P0AB38	lpoB
P0AB40	bhsA
P0AB43	ycgL
P0AB46	ymgD
P0AB49	ychH
P0AB52	ychN
P0AB55	yciI
P0AB58	LapB
P0AB61	yciN
P0AB65	yccX
P0AB67	pntB
P0AB74	kbaY
P0AB77	kbl
P0AB80	ilvE
P0AB83	nth
P0AB85	apbE
P0AB87	fucA
P0AB91	aroG
P0AB93	arsB
P0AB96	arsC
P0AB98	atpB
P0ABA0	atpF
P0ABA4	atpH
P0ABA6	atpG
P0ABB0	atpA
P0ABB4	atpD
P0ABB8	mgtA
P0ABC0	atpI
P0ABC3	hflC
P0ABC7	hflK
P0ABC9	betT
P0ABD1	yeaV
P0ABD3	bfr
P0ABE2	bolA
P0ABE5	cybB
P0ABE9	cynT
P0ABF1	pcnB
P0ABF4	eutM
P0ABF6	cdd
P0ABH7	gltA
P0ABH9	clpA
P0ABI4	corA
P0ABI8	cyoB
P0ABJ1	cyoA
P0ABJ3	cyoC
P0ABJ6	cyoD
P0ABK5	cysK
P0ABK7	csgB
P0ABK9	nrfA
P0ABL1	nrfB
P0ABL3	napB
P0ABL5	napC
P0ABL8	ccmB
P0ABM1	ccmC
P0ABM5	ccmD
P0ABM9	ccmH
P0ABN1	dgkA
P0ABN5	dcuA
P0ABN9	dcuB
P0ABP3	dcuC
P0ABP6	dedA
P0ABP8	deoD
P0ABQ2	garR
P0ABR1	dinI
P0ABR5	hcaE
P0ABR7	yeaW
P0ABR9	mhpB
P0ABS1	dksA
P0ABS8	holE
P0ABT2	dps
P0ABT5	dusB
P0ABT8	yijE
P0ABU0	menB
P0ABU2	ychF
P0ABU5	elbB
P0ABU7	exbB
P0ABU9	tolQ
P0ABV2	exbD
P0ABV6	tolR
P0ABW0	hcaC
P0ABW3	yfaE
P0ABW5	sfmA
P0ABW9	flgB
P0ABX2	flgC
P0ABX5	flgG
P0ABX8	fliL
P0ABY2	fliT
P0ABY4	fldB
P0ABY7	flhC
P0ABZ1	fliG
P0ABZ4	kdsC
P0ABZ6	surA
P0AC00	frlB
P0AC05	fliP
P0AC07	fliQ
P0AC19	folX
P0AC23	focA
P0AC26	nirC
P0AC28	ygfA
P0AC30	ftsX
P0AC33	fumA
P0AC35	ttdB
P0AC38	aspA
P0AC41	sdhA
P0AC44	sdhD
P0AC47	frdB
P0AC51	zur
P0AC53	zwf
P0AC55	glnK
P0AC59	grxB
P0AC62	grxC
P0AC65	nrdH
P0AC69	grxD
P0AC73	ebgC
P0AC78	wecA
P0AC81	gloA
P0AC84	gloB
P0AC86	glgP
P0AC88	gmd
P0AC92	gnsA
P0AC94	gntP
P0AC96	gntU
P0AC98	satP
P0ACA1	yibF
P0ACA3	sspA
P0ACA7	gstB
P0ACB7	hemY
P0ACC9	wcaB
P0ACD2	wcaF
P0ACD8	hyaB
P0ACE0	hybC
P0ACE3	hha
P0ACE7	hinT
P0ACF0	hupA
P0ACF4	hupB
P0ACF8	hns
P0ACG1	stpA
P0ACG4	hokC
P0ACG6	hokD
P0ACG8	hslR
P0ACH1	sfsB
P0ACH5	marA
P0ACH8	melR
P0ACI0	rob
P0ACI3	xylR
P0ACI6	asnC
P0ACJ0	lrp
P0ACJ5	decR
P0ACJ8	crp
P0ACK2	agaR
P0ACK5	deoR
P0ACK8	fucR
P0ACL0	glpR
P0ACL2	exuR
P0ACL5	glcC
P0ACL7	lldR
P0ACL9	pdhR
P0ACM2	rspR
P0ACM5	yegW
P0ACM9	yihL
P0ACN2	ytfH
P0ACN4	allR
P0ACN7	cytR
P0ACP1	cra
P0ACP5	gntR
P0ACP7	purR
P0ACQ0	rbsR
P0ACQ4	oxyR
P0ACQ7	tdcA
P0ACR0	allS
P0ACR2	ydhB
P0ACR4	yeiE
P0ACR7	yfeR
P0ACR9	mprA
P0ACS2	soxR
P0ACS5	zntR
P0ACS7	rpiR
P0ACS9	acrR
P0ACT2	envR
P0ACT6	uidR
P0ACU0	cecR
P0ACU2	rutR
P0ACU5	fabR
P0ACU7	yjdC
P0ACV2	lpxP
P0ACV6	mpaA
P0ACV8	ymjA
P0ACW0	ydaF
P0ACW2	ydbJ
P0ACW4	ydcA
P0ACW6	ydcH
P0ACW8	ydfA
P0ACX0	ydgC
P0ACX3	ydhR
P0ACX5	fumD
P0ACX9	ydiE
P0ACY1	ydjA
P0ACY3	yeaG
P0ACY6	yeaL
P0ACY9	yebG
P0ACZ2	etp
P0ACZ4	evgA
P0ACZ8	cusR
P0AD01	dcuR
P0AD03	yebS
P0AD05	yecA
P0AD07	yecF
P0AD10	yecJ
P0AD12	yeeZ
P0AD14	btsS
P0AD17	yohC
P0AD19	yohK
P0AD21	yejG
P0AD24	yejL
P0AD27	yejM
P0AD30	yfcA
P0AD33	yfcZ
P0AD35	yfdO
P0AD37	yfeC
P0AD40	ypeB
P0AD42	pgpC
P0AD44	yfhG
P0AD47	yphA
P0AD49	raiA
P0AD53	ygaC
P0AD59	ivy
P0AD61	pykF
P0AD70	ampH
P0AD72	pheL
P0AD79	leuL
P0AD83	pyrL
P0AD86	thrL
P0AD89	tnaC
P0AD96	livJ
P0AD99	brnQ
P0ADA1	tesA
P0ADA3	nlpD
P0ADA5	yajG
P0ADA7	osmB
P0ADB1	osmE
P0ADB4	ecnA
P0ADB7	ecnB
P0ADC8	yjiX
P0ADD2	yjjB
P0ADD5	yjjP
P0ADD7	yjjQ
P0ADD9	yjjY
P0ADE2	ytfK
P0ADE4	tamA
P0ADE6	ygaU
P0ADF0	fruL
P0ADF3	rhoL
P0ADF6	edd
P0ADF8	ilvN
P0ADG1	ilvM
P0ADG7	guaB
P0ADH5	fimB
P0ADH7	fimE
P0ADI0	pinR
P0ADI4	entB
P0ADI7	yecD
P0ADI9	yhhN
P0ADJ3	yhjR
P0ADJ5	bcsF
P0ADJ8	yiaA
P0ADK0	yiaF
P0ADK4	yiaW
P0ADK6	yibA
P0ADK8	yibL
P0ADL1	nepI
P0ADL3	yicN
P0ADL6	yidG
P0ADM0	yidH
P0ADM4	yidQ
P0ADM6	yidX
P0ADM8	yieE
P0ADN0	viaA
P0ADN2	yifE
P0ADN6	yifL
P0ADP0	yigB
P0ADP2	yigI
P0ADP5	yigM
P0ADP7	ubiJ
P0ADP9	yihD
P0ADQ2	yiiD
P0ADQ5	yiiE
P0ADQ7	ygaM
P0ADR0	yqaA
P0ADR2	ygdD
P0ADR6	rlmM
P0ADR8	ppnN
P0ADS2	zapA
P0ADS6	yggE
P0ADS9	yggN
P0ADT2	ygiB
P0ADT5	ygiC
P0ADT8	ygiM
P0ADU2	ygiN
P0ADU5	ygiW
P0ADU7	yqiB
P0ADV5	yhbW
P0ADV7	mlaC
P0ADV9	lptC
P0ADW3	yhcB
P0ADW6	yhcC
P0ADW8	yheV
P0ADX1	yhfA
P0ADX5	yhfG
P0ADX7	yhhA
P0ADX9	rsmD
P0ADY1	ppiD
P0ADZ7	yajC
P0AE01	trmJ
P0AE06	acrA
P0AE08	ahpC
P0AE12	amn
P0AE14	ampE
P0AE16	ampG
P0AE22	aphA
P0AE24	araE
P0AE26	araH
P0AE28	aroM
P0AE30	artM
P0AE34	artQ
P0AE37	astA
P0AE39	ypdB
P0AE42	yqaE
P0AE45	ytfL
P0AE48	ytfP
P0AE52	bcp
P0AE56	bfd
P0AE58	caiF
P0AE60	cedA
P0AE63	chaB
P0AE67	cheY
P0AE70	mazF
P0AE72	mazE
P0AE74	citT
P0AE76	cobU
P0AE78	corC
P0AE82	cpxA
P0AE85	cpxP
P0AE88	cpxR
P0AE91	creA
P0AE95	csgE
P0AE98	csgF
P0AEA2	csgG
P0AEA5	cyoE
P0AEA8	cysG
P0AEB0	cysW
P0AEB2	dacA
P0AEB5	ynaI
P0AEB7	yoaB
P0AEC0	yoaE
P0AEC3	arcB
P0AEC5	barA
P0AEC8	dcuS
P0AED0	uspA
P0AED5	uvrY
P0AED9	dcm
P0AEE1	dcrB
P0AEE3	degS
P0AEE5	mglB
P0AEE8	dam
P0AEF4	dpiA
P0AEF8	dppB
P0AEG1	dppC
P0AEG4	dsbA
P0AEG6	dsbC
P0AEG8	dsrB
P0AEH1	rseP
P0AEH3	elaA
P0AEH5	elaB
P0AEH8	yjiG
P0AEI1	miaB
P0AEI4	rimO
P0AEI6	nudJ
P0AEJ0	emrB
P0AEJ2	entC
P0AEJ4	envZ
P0AEJ6	eutB
P0AEJ8	eutN
P0AEK0	exoX
P0AEK7	fdnI
P0AEL0	fdoI
P0AEL3	feoA
P0AEL6	fepB
P0AEL8	fimZ
P0AEM0	fkpB
P0AEM4	flgM
P0AEM6	fliA
P0AEM9	fliY
P0AEN1	fre
P0AEN8	fucU
P0AEP1	galP
P0AEP3	galU
P0AEP7	gcl
P0AEP9	glcD
P0AEQ1	glcG
P0AEQ3	glnH
P0AEQ6	glnP
P0AER0	glpF
P0AER3	gltJ
P0AER5	gltK
P0AER8	gltS
P0AES0	gss
P0AES2	gudD
P0AES9	hdeA
P0AET2	hdeB
P0AET5	hdeD
P0AET8	hdhA
P0AEU0	hisJ
P0AEU3	hisM
P0AEU7	skp
P0AEV1	rssB
P0AEV4	hycA
P0AEV7	hycH
P0AEV9	hycI
P0AEW1	hyfE
P0AEW4	cpdA
P0AEW6	gsk
P0AEW9	fruK
P0AEX3	kgtP
P0AEX5	prkB
P0AEX7	livH
P0AEX9	malE
P0AEY1	marC
P0AEY3	mazG
P0AEY5	mdaB
P0AEY8	mdfA
P0AEZ1	metF
P0AEZ3	minD
P0AEZ7	mltD
P0AEZ9	moaB
P0AF01	modB
P0AF03	mog
P0AF06	motB
P0AF08	mrp
P0AF10	mtlR
P0AF12	mtnN
P0AF18	nagA
P0AF20	nagC
P0AF24	nagD
P0AF26	narJ
P0AF28	narL
P0AF32	narV
P0AF34	yiiR
P0AF36	zapB
P0AF40	yijD
P0AF43	yjbB
P0AF45	yjbE
P0AF48	yjbQ
P0AF50	yjbR
P0AF52	ghxP
P0AF54	yjcH
P0AF56	yjcO
P0AF59	yjdI
P0AF61	ghoS
P0AF63	nsrR
P0AF70	yjeI
P0AF73	yjeT
P0AF76	yjfI
P0AF78	yjfJ
P0AF80	yjfL
P0AF82	yjfN
P0AF86	yjfY
P0AF90	rraB
P0AF93	ridA
P0AF96	tabA
P0AFA2	narX
P0AFA5	nfrB
P0AFA7	nhaB
P0AFA9	nikC
P0AFB1	nlpI
P0AFB5	glnL
P0AFB8	glnG
P0AFC0	nudB
P0AFC3	nuoA
P0AFC7	nuoB
P0AFD1	nuoE
P0AFD4	nuoH
P0AFD6	nuoI
P0AFE0	nuoJ
P0AFE4	nuoK
P0AFE8	nuoM
P0AFF0	nuoN
P0AFF2	nupC
P0AFF4	nupG
P0AFG8	aceE
P0AFH0	ogt
P0AFH2	oppB
P0AFH6	oppC
P0AFH8	osmY
P0AFI0	oxc
P0AFI5	pbpG
P0AFI9	perM
P0AFJ1	phnA
P0AFJ5	phoB
P0AFJ7	pitA
P0AFK0	pmbA
P0AFK2	pnuC
P0AFK4	potB
P0AFK6	potC
P0AFK9	potD
P0AFL1	potI
P0AFL3	ppiA
P0AFL6	ppx
P0AFL9	pqiA
P0AFM2	proX
P0AFM4	psiF
P0AFM6	pspA
P0AFM9	pspB
P0AFN2	pspC
P0AFN6	yadH
P0AFP0	yadS
P0AFP2	atl
P0AFP4	ybbO
P0AFP6	ybgI
P0AFP9	ybhR
P0AFQ2	ybhS
P0AFQ5	rutC
P0AFQ7	ycfH
P0AFR0	rssA
P0AFR2	dauA
P0AFR4	yciO
P0AFR7	ycjO
P0AFR9	ydcV
P0AFS1	lsrD
P0AFS3	folM
P0AFS5	tqsA
P0AFS7	ydiK
P0AFS9	mepM
P0AFT2	yecS
P0AFT5	btsR
P0AFT8	yeiW
P0AFU0	yejB
P0AFU2	yfbS
P0AFU4	glrR
P0AFU6	yiiF
P0AFV0	yibH
P0AFV2	yhiD
P0AFV4	mepS
P0AFV8	pspD
P0AFW0	rfaH
P0AFW2	rmf
P0AFW4	rnk
P0AFW8	rof
P0AFX0	hpf
P0AFX4	rsd
P0AFX7	rseA
P0AFX9	rseB
P0AFY2	sanA
P0AFY6	sbmA
P0AFY8	seqA
P0AFZ1	sseB
P0AFZ3	sspB
P0AFZ5	sulA
P0AFZ7	trkH
P0AG00	wzzE
P0AG11	umuD
P0AG14	sohB
P0AG16	purF
P0AG18	purE
P0AG20	relA
P0AG24	spoT
P0AG27	yibN
P0AG34	rhtB
P0AG38	rhtC
P0AG71	rmuC
P0AG74	rusA
P0AG76	sbcD
P0AG78	sbp
P0AG80	ugpB
P0AG82	pstS
P0AG84	yghA
P0AG86	secB
P0AG90	secD
P0AG93	secF
P0AG99	secG
P0AGA6	uhpA
P0AGB0	serB
P0AGC0	uhpT
P0AGC3	slt
P0AGC5	mltF
P0AGC7	ytjB
P0AGD1	sodC
P0AGD3	sodB
P0AGE4	sstT
P0AGE6	chrR
P0AGE9	sucD
P0AGF2	csdE
P0AGF4	xylE
P0AGF6	tdcB
P0AGG2	tesB
P0AGG4	trxC
P0AGG8	tldD
P0AGH1	yhhJ
P0AGH3	sapB
P0AGH5	sapC
P0AGH8	pstC
P0AGI1	rbsC
P0AGI4	xylH
P0AGI8	trkA
P0AGJ2	trmH
P0AGJ5	yfiF
P0AGJ7	trmL
P0AGK4	yhbY
P0AGK8	iscR
P0AGL2	tdcF
P0AGL5	ratA
P0AGL7	rsmE
P0AGM0	yhhT
P0AGM2	yicG
P0AGM5	ychA
P0AGM7	uraA
P0AGM9	xanP
P0C037	ppnP
P0C054	ibpA
P0C058	ibpB
P0C066	mltC
P0C077	relE
P0C093	slmA
P0C0K3	srkA
P0C0L2	osmC
P0C0L7	proP
P0C0L9	iscX
P0C0R7	rlmE
P0C0S1	mscS
P0C0T5	mepA
P0C0U4	rimK
P0C0V0	degP
P0C7L2	paaJ
P0C8J6	gatY
P0C8J8	gatZ
P0C8K0	kbaZ
P0C960	emtA
P0CB39	eptC
P0CB62	ymiA
P0CD93	ymjD
P0CE44	uidB
P0CE47	tufA
P0CE48	tufB
P0CE49	insH1
P0CE50	insH2
P0CE51	insH3
P0CE52	insH4
P0CE53	insH6
P0CE54	insH7
P0CE55	insH8
P0CE56	insH9
P0CE57	insH10
P0CE58	insH11
P0CF07	insA1
P0CF08	insA2
P0CF09	insA3
P0CF10	insA4
P0CF11	insA5
P0CF12	insA6
P0CF25	insB1
P0CF26	insB2
P0CF27	insB3
P0CF28	insB5
P0CF29	insB6
P0CF40	insC1
P0CF41	insC2
P0CF42	insC3
P0CF43	insC4
P0CF44	insC5
P0CF45	insC6
P0CF53	insD1
P0CF54	insD2
P0CF55	insD3
P0CF56	insD4
P0CF57	insD5
P0CF58	insD6
P0CF60	insD8
P0CF66	insE1
P0CF67	insE2
P0CF68	insE3
P0CF69	insE4
P0CF70	insE5
P0CF79	insF1
P0CF80	insF2
P0CF81	insF3
P0CF82	insF4
P0CF83	insF5
P0CF86	yfjU
P0CF88	insI1
P0CF89	insI3
P0CF90	insI4
P0CF91	insL1
P0CF92	insL2
P0CF93	insL3
P0CG19	rph
P0CI31	hcaB
P0CK95	yghJ
P0DKB3	mntS
P0DM85	crfC
P0DMC5	rcsC
P0DMC7	rcsB
P0DMC9	rcsA
P0DN74	ytiA
P0DP21	yjiP
P0DP22	yjiQ
P0DP63	ybeH
P0DP64	ybeM
P0DP69	phnE1
P0DP70	phnE
P0DP89	ilvG
P0DPC4	ytiC
P0DPC5	ytiD
P0DPC6	idlP
P0DPC7	rseD
P0DPC8	ymcF
P0DPC9	ynfQ
P0DPD0	ldrA
P0DPD1	ldrC
P10100	rlpA
P10151	leuO
P10346	glnQ
P10371	hisA
P10378	entE
P10384	fadL
P10423	iap
P10442	rnhB
P10805	envY
P10902	nadB
P10903	narK
P10905	ugpA
P10906	ugpE
P10907	ugpC
P10908	ugpQ
P11071	aceK
P11072	lit
P11286	yiaB
P11289	yfiL
P11290	yibD
P11291	b3808
P11349	narH
P11350	narI
P11446	argC
P11447	argH
P11454	entF
P11458	nadA
P11551	fucP
P11553	fucK
P11557	damX
P11663	fumE
P11664	yggC
P11667	argO
P11864	yhaC
P11865	yhaB
P11866	tdcR
P11868	tdcD
P11988	bglB
P11989	bglG
P12008	aroC
P12281	moeA
P12282	moeB
P12295	ung
P12758	udp
P12994	ybhB
P12995	bioA
P12996	bioB
P12998	bioF
P12999	bioC
P13000	bioD1
P13001	bioH
P13009	metH
P13016	ampD
P13024	fdhE
P13029	katG
P13033	glpB
P13035	glpD
P13036	fecA
P13039	fes
P13445	rpoS
P13458	sbcC
P13482	treA
P13518	csrD
P13656	chiA
P13669	mngR
P13738	nhaA
P13857	rimL
P14081	selB
P14175	proV
P14176	proW
P14294	topB
P14375	zraR
P14377	zraS
P14407	fumB
P15005	mcrB
P15006	mcrC
P15028	fecB
P15029	fecD
P15030	fecC
P15031	fecE
P15032	recE
P15033	racC
P15034	pepP
P15038	helD
P15043	recQ
P15047	entA
P15067	glgX
P15070	fliN
P15078	cstA
P15081	gutM
P15082	srlR
P15254	purL
P15286	flk
P15288	pepD
P15373	prlF
P15639	purH
P15640	purD
P15723	dgt
P15770	aroE
P15877	gcd
P15977	malQ
P15993	aroP
P16095	sdaA
P16256	panF
P16384	miaA
P16429	hycC
P16430	hycD
P16431	hycE
P16432	hycF
P16433	hycG
P16456	selD
P16525	tus
P16528	iclR
P16676	cysA
P16677	phnC
P16678	phnK
P16679	phnL
P16681	phnB
P16682	phnD
P16684	phnF
P16685	phnG
P16686	phnH
P16687	phnI
P16688	phnJ
P16689	phnM
P16690	phnN
P16691	phnO
P16692	phnP
P16700	cysP
P16701	cysU
P16703	cysM
P16869	fhuE
P16916	rhsA
P16917	rhsB
P16918	rhsC
P16919	rhsD
P17109	menD
P17115	gutQ
P17117	nfsA
P17315	cirA
P17334	chbC
P17410	chbR
P17411	chbF
P17444	betA
P17445	betB
P17446	betI
P17583	cynX
P17802	mutY
P17846	cysI
P17854	cysH
P17888	priA
P17994	yfaA
P18133	pncB
P18196	minC
P18200	pgpA
P18335	argD
P18390	yjjA
P18392	rstB
P18393	ybdZ
P18775	dmsA
P18776	dmsB
P18777	dmsC
P18811	malI
P18956	ggt
P19317	narW
P19318	narY
P19319	narZ
P19323	fhlA
P19624	pdxA
P19636	eutC
P19642	malX
P19767	insA7
P19768	insJ
P19769	insK
P19925	entD
P19926	agp
P19930	hyaD
P19931	hyaE
P19932	hyaF
P19934	tolA
P20099	bisC
P20605	fic
P20966	fruA
P21151	fadA
P21156	cysD
P21165	pepQ
P21169	speC
P21170	speA
P21177	fadB
P21179	katE
P21189	polB
P21338	rna
P21345	gltP
P21361	yciG
P21362	yciF
P21363	yciE
P21365	yciC
P21367	ycaC
P21369	pncA
P21418	ydfC
P21420	nmpC
P21437	yggF
P21499	rnr
P21503	ycaD
P21507	srmB
P21513	rne
P21514	pdeL
P21515	acpH
P21517	malZ
P21599	pykA
P21693	dbpA
P21829	ybhA
P21865	kdpD
P21866	kdpE
P21893	recJ
P22106	asnB
P22186	mraZ
P22255	cysQ
P22256	gabT
P22259	pckA
P22333	add
P22525	ycbB
P22564	rihC
P22586	fliO
P22729	livM
P22731	livF
P22787	yifB
P23003	trmA
P23173	tnaB
P23200	mglC
P23256	malY
P23305	yigA
P23325	arpA
P23331	tdk
P23367	mutL
P23481	hyfA
P23482	hyfB
P23484	fecI
P23485	fecR
P23522	garL
P23524	garK
P23538	ppsA
P23721	serC
P23827	eco
P23836	phoP
P23837	phoQ
P23839	yicC
P23840	dinD
P23841	xapR
P23842	pdeA
P23843	oppA
P23845	cysN
P23847	dppA
P23849	trkG
P23857	pspE
P23862	priC
P23865	prc
P23869	ppiB
P23872	aes
P23874	hipA
P23876	fepD
P23877	fepG
P23878	fepC
P23883	puuC
P23890	cadC
P23894	htpX
P23895	emrE
P23898	nlpC
P23908	argE
P23909	mutS
P23910	araJ
P23917	mak
P24077	entS
P24169	speF
P24171	dcp
P24173	rfaC
P24174	manC
P24175	manB
P24177	acrD
P24178	yffB
P24180	acrE
P24181	acrF
P24183	fdnG
P24188	yceA
P24192	hypD
P24193	hypE
P24197	ygiD
P24200	mcrA
P24202	mrr
P24203	yjiA
P24205	lpxM
P24207	pheP
P24211	rhsE
P24215	uxuA
P24216	fliD
P24218	intD
P24228	dacB
P24230	recG
P24232	hmp
P24238	yebB
P24240	ascB
P24241	ascF
P24242	ascG
P24244	appX
P24251	crl
P24252	ybgA
P24255	rpoN
P24554	radA
P24555	ptrB
P25396	tehA
P25397	tehB
P25437	frmA
P25516	acnA
P25519	hflX
P25522	mnmE
P25524	codA
P25526	gabD
P25527	gabP
P25531	yicR
P25535	ubiI
P25536	yhdE
P25549	aslA
P25550	aslB
P25552	gppA
P25553	aldA
P25665	metE
P25666	htrL
P25718	malS
P25728	ygbA
P25736	endA
P25737	lysP
P25738	msyB
P25740	rfaG
P25741	rfaP
P25742	rfaQ
P25743	ychE
P25744	mdtG
P25746	hflD
P25747	yeiB
P25748	galS
P25772	ligB
P25798	fliF
P25888	rhlE
P25889	preA
P25894	loiP
P25906	pdxI
P25907	ydbD
P25960	gspO
P26218	bglH
P26266	fepE
P26281	folK
P26365	amiB
P26458	appB
P26459	appC
P26602	ubiC
P26608	fliS
P26612	amyA
P26616	maeA
P26646	acuI
P26648	ftsP
P26649	glgS
P27111	cynR
P27125	rhaT
P27126	rfaS
P27127	rfaB
P27128	rfaI
P27129	rfaJ
P27238	yfeD
P27240	rfaY
P27241	rfaZ
P27242	waaU
P27243	rfaL
P27245	marR
P27247	plsX
P27248	gcvT
P27249	glnD
P27250	ahr
P27253	scpA
P27254	argK
P27278	nadR
P27294	inaA
P27296	dinG
P27297	bax
P27298	prlC
P27303	emrA
P27305	gluQ
P27306	sthA
P27375	htrC
P27431	roxA
P27434	rodZ
P27550	acs
P27828	wecB
P27829	wecC
P27830	rffG
P27832	wecD
P27833	wecE
P27836	wecG
P27837	yifK
P27838	cyaY
P27840	yigE
P27842	yigF
P27843	yigG
P27844	rarD
P27848	yigL
P27859	tatD
P27862	yigZ
P27896	narQ
P28224	mliC
P28246	bcr
P28249	asmA
P28303	dinF
P28304	qorA
P28305	pabC
P28306	mltG
P28307	csgA
P28369	prfH
P28629	adiA
P28634	trmO
P28635	metQ
P28638	yhdJ
P28696	yaaI
P28697	mbiA
P28721	gltF
P28722	yhcA
P28861	fpr
P28903	nrdD
P28904	treC
P28905	holC
P28911	yhhH
P28912	yhhI
P28915	ybfC
P28916	ybfD
P28917	ydcC
P29009	ydfB
P29010	ydfD
P29012	dadX
P29013	ycgB
P29131	ftsN
P29208	menC
P29217	yceH
P29744	flgL
P29745	pepT
P30011	nadC
P30015	lhr
P30125	leuB
P30126	leuD
P30128	greB
P30130	fimD
P30131	hypF
P30136	thiC
P30137	thiE
P30138	thiF
P30139	thiG
P30140	thiH
P30143	yaaJ
P30147	hyi
P30149	yabI
P30176	ybiA
P30177	ybiB
P30178	hcxB
P30192	ychG
P30235	psuK
P30744	sdaB
P30745	moaA
P30748	moaD
P30749	moaE
P30750	metN
P30843	basR
P30844	basS
P30845	eptA
P30847	baeS
P30850	rnb
P30852	smf
P30855	evgS
P30859	artI
P30860	artJ
P30863	dkgB
P30864	yafC
P30866	yafE
P30870	glnE
P30871	ygiF
P30958	mfd
P30979	ybeF
P31057	panB
P31058	yadC
P31060	modF
P31061	nohA
P31062	nohD
P31063	yedD
P31064	yedE
P31068	fliH
P31069	kch
P31119	aas
P31121	marB
P31122	sotB
P31125	eamA
P31126	ydeE
P31129	dgcZ
P31130	ydeI
P31131	ydeJ
P31133	potF
P31134	potG
P31135	potH
P31142	sseA
P31224	acrB
P31433	yicH
P31434	yicI
P31435	yicJ
P31436	setC
P31437	yicL
P31440	adeQ
P31441	ade
P31442	emrD
P31443	yidF
P31446	yidI
P31447	yidJ
P31448	yidK
P31449	yidL
P31450	glvG
P31452	glvC
P31453	yidP
P31455	yidR
P31456	cbrA
P31459	dgoK
P31460	dgoR
P31462	mdtL
P31463	yidZ
P31466	adeP
P31467	yieH
P31468	cbrB
P31469	cbrC
P31470	yieK
P31471	yieL
P31473	ravA
P31474	hsrA
P31475	yieP
P31545	efeB
P31547	metI
P31548	thiQ
P31549	thiP
P31550	thiB
P31551	caiD
P31552	caiC
P31553	caiT
P31572	caiB
P31574	fixB
P31600	nfrA
P31658	hchA
P31660	prpC
P31663	panC
P31665	rpnC
P31666	yadE
P31667	rpnA
P31675	setA
P31677	otsA
P31678	otsB
P31679	yaaU
P31680	djlA
P31697	fimC
P31801	chaA
P31802	narP
P31806	nnr
P31808	yciK
P31825	yfiC
P31826	yddA
P31827	yddB
P31828	pqqL
P31979	nuoF
P31992	pptA
P32051	ydeK
P32053	intA
P32055	fcl
P32056	gmm
P32057	wcaI
P32099	lplA
P32106	yibG
P32108	yibI
P32109	yibJ
P32125	mobB
P32128	yihF
P32129	yihG
P32131	hemN
P32132	typA
P32134	yihM
P32135	yihN
P32136	yihO
P32137	yihP
P32138	yihQ
P32139	yihR
P32140	yihS
P32141	yihT
P32143	yihV
P32144	yihW
P32151	yiiG
P32152	frvR
P32153	frvX
P32154	frvB
P32155	frvA
P32156	rhaM
P32157	yiiM
P32160	yiiQ
P32162	yiiS
P32166	menA
P32167	yiiX
P32169	rhaD
P32170	rhaA
P32171	rhaB
P32173	mobA
P32176	fdoG
P32177	fdhD
P32662	gph
P32664	nudC
P32668	yijF
P32669	fsaB
P32670	ptsA
P32672	frwC
P32674	pflD
P32675	pflC
P32676	frwD
P32677	yijO
P32680	yjaG
P32681	yjaH
P32684	rluF
P32685	yjbD
P32687	yjbF
P32688	yjbG
P32689	yjbH
P32690	yjbI
P32693	yjbL
P32694	yjbM
P32695	dusA
P32696	pspG
P32700	yjcB
P32701	pdeC
P32703	yjcE
P32704	yjcF
P32705	actP
P32709	nrfD
P32710	nrfE
P32711	nrfF
P32712	nrfG
P32714	mdtP
P32715	mdtO
P32716	mdtN
P32717	yjcS
P32718	alsK
P32719	alsE
P32720	alsC
P32721	alsA
P33011	yeeA
P33012	sbmC
P33013	dacD
P33014	yeeD
P33015	yeeE
P33018	yeiG
P33020	yeiI
P33021	nupX
P33022	rihB
P33024	psuT
P33025	psuG
P33026	setB
P33029	yeiQ
P33030	yeiR
P33128	yadV
P33129	htrE
P33135	fliR
P33136	mdoG
P33195	gcvP
P33218	yebE
P33219	yebF
P33221	purT
P33222	yjfC
P33224	aidB
P33225	torA
P33226	torC
P33227	stfE
P33228	recT
P33229	ralR
P33230	rcbA
P33231	lldP
P33232	lldD
P33234	adiY
P33235	flgK
P33236	mokC
P33340	yehA
P33341	yehB
P33342	yehC
P33343	yehD
P33344	yehE
P33345	yehH
P33346	yehI
P33347	yehK
P33348	yehL
P33349	yehM
P33352	yehP
P33353	yehQ
P33354	yehR
P33355	yehS
P33358	mlrA
P33359	yehW
P33360	yehX
P33361	yehY
P33362	yehZ
P33363	bglX
P33366	yohD
P33368	yohF
P33369	mdtQ
P33371	dusC
P33554	ppdA
P33570	tktB
P33590	nikA
P33591	nikB
P33593	nikD
P33594	nikE
P33595	sgrR
P33596	recX
P33599	nuoC
P33602	nuoG
P33607	nuoL
P33634	yfiE
P33644	yfiH
P33647	chpB
P33650	feoB
P33666	ydbA
P33667	selU
P33668	ybbC
P33669	ybbD
P33913	yejA
P33915	yejE
P33916	yejF
P33919	radD
P33920	yejK
P33924	yejO
P33927	ccmF
P33931	ccmA
P33934	napH
P33937	napA
P33940	mqo
P33941	yojI
P33997	alpA
P34209	ydcF
P34749	hofQ
P35340	ahpF
P36547	eutR
P36548	amiA
P36553	hemF
P36554	mdtD
P36560	asr
P36561	cobS
P36562	cobT
P36566	cmoM
P36645	hofB
P36646	hofC
P36647	ppdD
P36649	cueO
P36655	dsbD
P36659	cbpA
P36661	yccE
P36662	torD
P36667	wbbL
P36672	treB
P36673	treR
P36675	arfA
P36677	yhdN
P36678	gspM
P36680	zapD
P36682	yacH
P36683	acnB
P36767	rdgC
P36771	lrhA
P36837	dtpB
P36879	yadG
P36881	yadI
P36928	yegD
P36929	rsmB
P36930	gatR
P36937	kdpF
P36938	pgm
P36943	eaeH
P36979	rlmN
P36995	cspB
P36999	rlmA
P37001	pagP
P37002	crcB
P37003	ybfG
P37005	lasT
P37007	yagA
P37008	yagB
P37009	fbpC
P37013	norR
P37014	yfaD
P37016	yadK
P37017	yadL
P37018	yadM
P37019	clcA
P37024	hrpB
P37025	thpR
P37028	btuF
P37047	cdaR
P37049	yaeI
P37050	yadN
P37051	purU
P37052	ychJ
P37056	yaeF
P37057	ogrK
P37095	pepB
P37127	aegA
P37128	nudK
P37146	nrdF
P37147	fxsA
P37177	ptsP
P37180	hybB
P37182	hybD
P37188	gatB
P37194	slp
P37195	dctR
P37197	yhjA
P37305	hokA
P37306	arcC
P37309	arsR
P37313	dppF
P37325	ybcH
P37326	intS
P37327	yfdC
P37329	modA
P37330	glcB
P37338	csiR
P37339	lhgO
P37340	mdtK
P37342	yjjI
P37344	pspF
P37348	yecE
P37349	dhaM
P37351	rpiB
P37353	menE
P37355	menH
P37387	xylF
P37388	xylG
P37440	ucpA
P37443	ycaI
P37590	pmrD
P37595	iaaA
P37596	norW
P37597	ydhC
P37610	tauD
P37613	panZ
P37614	yhhL
P37615	yhhM
P37617	zntA
P37619	yhhQ
P37621	yhhS
P37623	acpT
P37624	rbbA
P37626	yhiI
P37627	yhiJ
P37629	yhiL
P37630	yhiM
P37631	yhiN
P37634	rlmJ
P37635	yhiS
P37636	mdtE
P37637	mdtF
P37639	gadX
P37640	yhjB
P37641	yhjC
P37642	yhjD
P37643	yhjE
P37645	yhjG
P37646	pdeH
P37647	kdgK
P37648	yhjJ
P37649	pdeK
P37650	bcsC
P37651	bcsZ
P37652	bcsB
P37653	bcsA
P37655	bcsQ
P37657	bcsE
P37659	bcsG
P37660	yhjV
P37661	eptB
P37662	yhjX
P37663	yhjY
P37664	yiaC
P37665	yiaD
P37666	ghrB
P37669	wecH
P37671	yiaJ
P37672	dlgD
P37673	yiaL
P37674	yiaM
P37675	yiaN
P37676	yiaO
P37677	lyx
P37678	sgbH
P37679	sgbU
P37680	sgbE
P37681	yiaT
P37682	yiaU
P37683	yiaV
P37685	aldB
P37686	yiaY
P37689	gpmI
P37690	envC
P37691	yibQ
P37692	rfaF
P37744	rfbA
P37745	rfbC
P37746	rfbX
P37747	glf
P37748	rfc
P37749	wbbI
P37750	wbbJ
P37751	wbbK
P37757	yddE
P37758	narU
P37759	rfbB
P37760	rfbD
P37765	rluB
P37766	ydiF
P37767	yfhH
P37769	kduD
P37772	yjfF
P37773	mpl
P37774	yecC
P37794	chbG
P37902	gltI
P37903	uspF
P37906	puuB
P37908	yfjD
P37909	ybgD
P38035	rtcR
P38036	ygcB
P38038	cysJ
P38051	menF
P38052	sfmF
P38054	cusA
P38055	ydjE
P38097	dgcE
P38101	eamB
P38104	rspA
P38105	rspB
P38134	etk
P38135	fadK
P38392	sieB
P38393	kilR
P38489	nfsB
P38506	ygdG
P38521	yggL
P38683	torT
P38684	torR
P39099	degQ
P39160	uxuB
P39161	uxuR
P39163	chaC
P39165	ychO
P39172	znuA
P39173	yeaD
P39176	erfK
P39177	uspG
P39180	flu
P39187	ytfJ
P39196	lplT
P39199	prmB
P39206	caiE
P39208	idnK
P39212	insN2
P39220	yabP
P39221	yabQ
P39263	yfcC
P39264	fimI
P39265	alsB
P39267	yjcZ
P39270	yjdF
P39274	yjdJ
P39276	dtpC
P39277	yjeH
P39279	yjeJ
P39280	epmB
P39282	yjeM
P39283	yjeN
P39284	yjeO
P39285	mscM
P39288	queG
P39293	yjfK
P39295	yjfM
P39297	bsmA
P39298	yjfP
P39300	ulaG
P39301	ulaA
P39304	ulaD
P39305	ulaE
P39306	ulaF
P39308	yjfZ
P39309	ytfA
P39310	ytfB
P39314	ytfF
P39315	qorB
P39317	ytfI
P39321	tamB
P39325	ytfQ
P39328	ytfT
P39332	yjgH
P39333	bdcA
P39334	bdcR
P39336	yjgL
P39337	yjgM
P39338	yjgN
P39342	yjgR
P39343	idnR
P39344	idnT
P39346	idnD
P39347	intB
P39349	yjgX
P39351	yjgZ
P39352	yjhB
P39353	yjhC
P39354	yjhD
P39355	yjhE
P39356	yjhU
P39357	yjhF
P39358	yjhG
P39359	yjhH
P39360	yjhI
P39361	sgcR
P39362	sgcE
P39363	sgcA
P39364	sgcQ
P39365	sgcC
P39366	sgcX
P39367	yjhP
P39368	yjhQ
P39369	yjhR
P39370	nanS
P39371	nanM
P39374	yjiC
P39375	iraD
P39376	yjiE
P39377	iadA
P39379	yjiH
P39380	kptA
P39381	yjiJ
P39382	yjiK
P39383	yjiL
P39384	yjiM
P39385	yjiN
P39386	mdtM
P39389	yjiR
P39390	yjiS
P39391	yjiT
P39393	yjiV
P39394	symE
P39396	btsT
P39398	lgoT
P39399	lgoR
P39400	lgoD
P39401	mdoB
P39404	bglJ
P39405	fhuF
P39406	rsmC
P39407	yjjU
P39408	yjjV
P39409	yjjW
P39410	yjjJ
P39411	yjjX
P39414	ttdT
P39451	adhP
P39452	nrdE
P39453	torS
P39829	garD
P39830	ybaL
P39831	ydfG
P39832	znuB
P39834	ygiL
P39835	gntT
P39836	yfeH
P39838	rcsD
P39901	ybfI
P39902	sprT
P40120	mdoD
P40191	pdxK
P40710	nlpE
P40711	arfB
P40719	qseC
P40874	solA
P40876	ycbF
P41036	nanT
P41039	ybiI
P41052	mltB
P41407	azoR
P41409	rihA
P41441	gspF
P41442	gspG
P41443	gspH
P42588	patA
P42589	ygjH
P42590	ygjI
P42591	ygjJ
P42592	ygjK
P42593	fadH
P42596	rlmG
P42597	ygjP
P42598	ygjQ
P42599	ygjR
P42601	alx
P42603	ygjV
P42604	uxaA
P42615	mzrA
P42616	yqjC
P42619	yqjF
P42620	yqjG
P42624	yhaK
P42625	yhaL
P42626	yhaM
P42628	dlsT
P42630	tdcG
P42632	tdcE
P42640	yhbX
P42904	agaV
P42905	agaW
P42906	agaA
P42907	agaS
P42909	agaB
P42910	agaC
P42911	agaD
P42912	agaI
P42913	yraH
P42914	yraI
P42915	yraJ
P43319	yraK
P43329	hrpA
P43337	nudL
P43340	ycaK
P43531	ynfM
P43533	flgN
P43667	ygaH
P43671	pqiB
P43672	uup
P43674	ycaL
P43676	pitB
P45394	yrbG
P45395	kdsD
P45420	yhcD
P45421	yhcE
P45422	yhcF
P45423	yhcG
P45424	yhcH
P45425	nank
P45428	dcuD
P45463	ttdR
P45464	lpoA
P45465	yraN
P45468	yraQ
P45469	yraR
P45470	yhbO
P45472	yhbQ
P45475	yhbV
P45505	yfaH
P45508	yfaL
P45522	kefB
P45523	fkpA
P45524	yheT
P45527	yhbU
P45530	tusB
P45531	tusC
P45532	tusD
P45537	yhfK
P45539	frlA
P45541	frlC
P45543	frlD
P45544	frlR
P45545	yhfS
P45546	yhfT
P45548	php
P45549	yhfW
P45550	yhfX
P45551	yhfY
P45552	yhfZ
P45562	xapB
P45563	xapA
P45564	yfeN
P45565	ais
P45566	yhdT
P45570	ybcI
P45577	proQ
P45578	luxS
P45579	hcxA
P45581	stfP
P45736	ycjD
P45750	hofP
P45751	hofO
P45753	hofM
P45756	gspA
P45757	gspC
P45758	gspD
P45759	gspE
P45760	gspI
P45761	gspJ
P45762	gspK
P45763	gspL
P45766	yhdW
P45767	yhdX
P45768	yhdY
P45769	yhdZ
P45771	yrdD
P45795	yrdB
P45799	nudE
P45804	yhgE
P45807	ybaM
P45848	yciQ
P45955	cpoB
P45956	ygbF
P46022	mtgA
P46068	dsdC
P46118	hexR
P46119	ybjC
P46121	ybfK
P46122	yajI
P46125	yedI
P46126	yfiM
P46130	ybhC
P46133	abgT
P46136	yddG
P46139	dgcN
P46141	ygbE
P46142	yggM
P46144	yedJ
P46187	rseC
P46474	yhdP
P46478	aaeX
P46481	aaeB
P46482	aaeA
P46837	yhgF
P46846	gntX
P46849	rtcA
P46850	rtcB
P46852	yhhW
P46853	yhhX
P46854	aaaT
P46855	yhhZ
P46856	yrhA
P46857	yrhB
P46859	gntK
P46879	yqgD
P46883	tynA
P46887	yecH
P46888	uspC
P46889	ftsK
P46890	ybaE
P46891	cof
P46923	torZ
P50456	mlc
P50457	puuE
P50465	nei
P50466	aer
P51020	mhpE
P51024	yaiL
P51025	frmB
P51981	ycjG
P52005	torY
P52006	nudI
P52007	yecM
P52037	ygfF
P52043	scpC
P52044	ygfI
P52045	scpB
P52048	yggP
P52052	yggR
P52060	yggU
P52061	rdgB
P52062	yggW
P52067	fsr
P52073	glcE
P52074	glcF
P52076	qseB
P52086	cobC
P52094	hisQ
P52095	ldcC
P52096	yaeR
P52101	glrK
P52102	yfhL
P52106	csgD
P52107	csgC
P52108	rstA
P52119	ratB
P52123	yfjH
P52124	yfjI
P52125	yfjJ
P52126	yfjK
P52127	yfjL
P52128	yfjM
P52129	rnlA
P52130	rnlB
P52131	yfjP
P52132	yfjQ
P52133	yfjR
P52134	ypjK
P52135	yfjT
P52138	yfjW
P52139	yfjX
P52140	yfjY
P52141	yfjZ
P52143	ypjA
P52598	ygbI
P52599	emrK
P52600	emrY
P52612	fliI
P52613	fliJ
P52614	fliK
P52627	fliZ
P52636	yccM
P52643	ldhA
P52644	hslJ
P52645	ydbH
P52647	ydbK
P52696	ybhD
P52697	pgl
P54745	mngA
P54746	mngB
P54901	csiE
P55135	rlmD
P55138	ygcE
P55140	ygcG
P55734	ygaP
P55798	pphA
P55799	pphB
P55914	yjjZ
P56256	ysaA
P56257	ykgL
P56258	wecF
P56259	yifN
P56262	ysgA
P56579	srlA
P56580	srlE
P56614	ymdF
P56976	blr
P57998	insB4
P58033	ypjJ
P58034	ymgF
P58035	sgcB
P58037	yrhD
P58041	rzoD
P58042	rzoR
P58094	yciX
P58095	ypjI
P60061	adiC
P60240	rapA
P60340	truB
P60390	rsmH
P60560	guaC
P60566	fixA
P60584	caiA
P60595	hisH
P60632	yohJ
P60651	speB
P60664	hisF
P60720	lipB
P60757	hisG
P60778	tsgA
P60782	plsY
P60785	lepA
P60844	aqpZ
P60869	ybjL
P60872	yidE
P60932	uppP
P60995	hisL
P61887	rffH
P61889	mdh
P62066	yceQ
P62395	secM
P62517	mdoH
P62522	ilvL
P62601	treF
P62672	apaG
P62707	gpmA
P62723	yeiH
P62768	yaeH
P63020	nfuA
P63177	rlmB
P63183	kup
P63201	gadW
P63204	gadE
P63224	gmhA
P63228	gmhB
P63235	gadC
P63264	cbpM
P63284	clpB
P63340	yqeG
P63386	mlaF
P63389	yheS
P63417	yhbS
P63746	eutS
P63883	amiC
P64423	zntB
P64426	yddW
P64429	ypfJ
P64432	ypjD
P64435	ybcW
P64439	ybjM
P64442	yceO
P64445	ynaJ
P64448	ynbE
P64451	ydcL
P64453	ortT
P64455	ydcY
P64459	yncJ
P64461	lsrG
P64463	ydfZ
P64467	cnu
P64471	ydhI
P64476	ydiH
P64479	ydiZ
P64481	ydjM
P64483	yeaK
P64485	yeaQ
P64488	yeaR
P64490	yoaC
P64493	yoaF
P64496	yoaG
P64499	yebO
P64503	yebV
P64506	yebY
P64508	yobF
P64512	mgrB
P64515	yecN
P64517	yodC
P64519	yodD
P64521	yeeT
P64524	cbtA
P64526	yeeW
P64530	rcnR
P64534	rcnB
P64536	yeiS
P64540	yfcL
P64542	ypeC
P64545	yfgG
P64548	yfiR
P64550	alaE
P64554	queE
P64557	ygfM
P64559	sdhE
P64562	yqfE
P64564	yggT
P64567	yqgB
P64570	yqgC
P64572	yghR
P64574	yghW
P64578	higB
P64581	yqjD
P64585	yqjE
P64588	yqjI
P64590	yhaH
P64592	yhaI
P64594	yhaV
P64596	yraP
P64599	yhbT
P64602	mlaB
P64604	mlaD
P64606	mlaE
P64610	yrbL
P64612	zapE
P64614	yhcN
P64616	yhcO
P64619	yhdU
P64622	yhdV
P64624	yheO
P64627	yhfL
P64631	yhfU
P64634	hofN
P64636	yrfG
P64638	feoC
P64646	ghoT
P65290	yfgH
P65292	ygdI
P65294	ygdR
P65298	yqhH
P65367	yqcA
P65556	yfcD
P65643	eutT
P65807	ygeY
P65870	queD
P66817	diaA
P66899	ygeX
P66948	bepA
P67080	yggS
P67087	rsmI
P67095	yfcE
P67127	ygdQ
P67143	yhgN
P67153	yqfA
P67244	yqhA
P67338	yoaH
P67430	nemR
P67444	xanQ
P67553	ynfC
P67601	yobD
P67603	yqfB
P67624	yheU
P67660	yhaJ
P67662	aaeR
P67697	hicB
P67699	yddM
P67729	yfeO
P67762	yhbP
P67826	cutC
P67910	hldD
P68066	grcA
P68183	malG
P68187	malK
P68191	sra
P68206	yjbJ
P68567	rsmJ
P68644	fixC
P68646	fixX
P68661	ybcO
P68688	grxA
P68699	atpE
P68739	nfi
P68767	pepA
P69054	sdhC
P69210	mdtI
P69212	mdtJ
P69228	baeR
P69330	citD
P69346	yefM
P69348	yoeB
P69367	mdtH
P69380	fieF
P69411	rcsF
P69423	tatC
P69425	tatB
P69428	tatA
P69432	pgaD
P69434	pgaA
P69451	fadD
P69488	cutA
P69490	ccmE
P69503	apt
P69506	ytfE
P69681	amtB
P69739	hyaA
P69741	hybO
P69776	lpp
P69783	crr
P69786	ptsG
P69789	glvB
P69791	chbA
P69795	chbB
P69797	manX
P69801	manY
P69805	manZ
P69808	fryB
P69811	fruB
P69816	frwB
P69820	ulaC
P69822	ulaB
P69824	cmtB
P69826	cmtA
P69828	gatA
P69829	ptsN
P69831	gatC
P69853	dmsD
P69856	nanC
P69874	potA
P69902	frc
P69908	gadA
P69910	gadB
P69922	fucI
P69937	sugE
P71229	hyfR
P71237	wcaC
P71238	wcaD
P71239	wcaE
P71241	wcaJ
P71242	wcaK
P71243	wcaL
P71244	wcaM
P71296	yagM
P71297	yagN
P71298	intF
P71301	ecpR
P71311	yaiS
P75616	yaaX
P75617	yaaW
P75620	yaaY
P75672	yafS
P75675	ykfJ
P75676	yafX
P75677	ykfF
P75678	ykfA
P75679	insN1
P75680	insO1
P75681	afuB
P75682	yagE
P75683	yagG
P75684	yagP
P75685	rclC
P75687	rclB
P75688	b0309
P75691	yahK
P75692	yahM
P75693	yahN
P75694	yahO
P75697	yaiX
P75704	ykiA
P75711	ybbV
P75712	ybbW
P75713	allE
P75715	sfmH
P75717	exoD
P75718	renD
P75719	rzpD
P75726	citF
P75728	ubiF
P75733	chiP
P75734	chiQ
P75736	ybfF
P75737	ybfP
P75741	ybfL
P75742	dtpD
P75745	ybgK
P75746	ybgL
P75747	abrB
P75748	ybgO
P75749	ybgP
P75750	ybgQ
P75757	zitB
P75763	ybhI
P75764	ybhJ
P75767	ybhK
P75769	ybhM
P75770	ybhN
P75777	ybhG
P75779	ybiX
P75780	fiu
P75782	rlmF
P75783	ybiO
P75785	opgE
P75788	ybiR
P75791	ybiU
P75792	ybiV
P75793	ybiW
P75794	ybiY
P75796	gsiA
P75797	gsiB
P75798	gsiC
P75799	gsiD
P75800	pdeI
P75801	dgcI
P75804	yliI
P75806	ybjG
P75809	ybjI
P75810	ybjJ
P75811	rcdA
P75817	rlmC
P75818	ybjP
P75820	amiD
P75821	ybjS
P75822	ybjT
P75823	ltaE
P75824	hcr
P75825	hcp
P75826	lysO
P75828	ybjD
P75829	ybjX
P75830	macA
P75831	macB
P75835	ycaM
P75836	ycaN
P75838	ycaO
P75839	ycaP
P75843	ycaQ
P75849	gloC
P75851	ssuC
P75853	ssuA
P75855	elfA
P75856	elfD
P75857	elfC
P75858	elfG
P75859	ycbU
P75860	ycbV
P75862	zapC
P75863	ycbX
P75864	rlmL
P75867	ycbZ
P75869	sxy
P75870	yccS
P75874	yccU
P75876	rlmI
P75882	gfcD
P75883	gfcC
P75884	gfcB
P75885	gfcA
P75892	rutG
P75893	rutF
P75894	rutE
P75895	rutD
P75897	rutB
P75898	rutA
P75901	efeU
P75905	pgaC
P75906	pgaB
P75908	dgcT
P75910	ycdU
P75913	ghrA
P75914	ycdX
P75915	ycdY
P75916	ycdZ
P75917	ymdA
P75919	clsC
P75920	mdoC
P75925	yceJ
P75931	yceM
P75933	flgA
P75936	flgD
P75937	flgE
P75938	flgF
P75942	flgJ
P75946	ycfL
P75948	thiK
P75949	nagZ
P75952	comR
P75954	ycfS
P75955	ycfT
P75959	nagK
P75960	cobB
P75961	ycfZ
P75962	ymfA
P75966	rluE
P75967	ymfD
P75969	intE
P75970	xisE
P75971	b1142
P75972	ymfI
P75973	ymfJ
P75975	croE
P75976	ymfL
P75977	ymfM
P75978	ymfN
P75979	ymfR
P75980	beeE
P75981	jayE
P75982	ymfQ
P75988	ycgX
P75989	bluR
P75990	bluF
P75991	ycgZ
P75992	ymgA
P75993	ariR
P75994	ymgC
P75995	pdeG
P76000	ycgI
P76001	ycgJ
P76002	pliG
P76004	ycgM
P76007	cvrA
P76008	ldcA
P76010	ycgR
P76011	ymgE
P76012	ycgY
P76014	dhaL
P76015	dhaK
P76016	dhaR
P76017	ycgV
P76023	ychS
P76027	oppD
P76034	yciT
P76035	yciW
P76037	puuP
P76038	puuD
P76041	ycjM
P76042	ycjN
P76043	ycjQ
P76044	ycjR
P76045	ompG
P76046	ycjX
P76049	ycjY
P76052	abgB
P76053	smrA
P76055	ttcA
P76056	intR
P76057	ydaQ
P76061	ydaG
P76064	ydaT
P76065	ydaU
P76066	ydaW
P76068	ynaK
P76069	ydaY
P76071	insH5
P76072	stfR
P76073	ynaE
P76076	ydbL
P76077	paaA
P76078	paaB
P76079	paaC
P76080	paaD
P76081	paaE
P76082	paaF
P76083	paaH
P76084	paaI
P76085	paaK
P76086	paaX
P76090	ynbA
P76091	ynbB
P76092	ynbC
P76093	ynbD
P76096	mokB
P76097	ydcJ
P76100	ydcK
P76102	insQ
P76103	ydcO
P76104	ydcP
P76106	hicA
P76108	ydcS
P76111	ydcZ
P76112	mnaT
P76113	curA
P76114	mcbR
P76115	yncD
P76116	yncE
P76117	yncG
P76119	yncI
P76121	yddH
P76122	yddJ
P76123	yddK
P76127	bdm
P76128	ddpA
P76129	dosP
P76134	ydeM
P76135	ydeO
P76137	ydeT
P76138	yneL
P76141	lsrR
P76142	lsrB
P76143	lsrF
P76145	tam
P76146	yneE
P76147	dgcF
P76148	yneG
P76149	sad
P76150	yneK
P76154	ydfK
P76155	tfaQ
P76157	ynfN
P76158	rzpQ
P76159	rrrQ
P76160	ydfR
P76161	quuQ
P76162	ydfU
P76163	ydfV
P76164	ydfW
P76165	ydfX
P76168	intQ
P76169	ynfA
P76170	ynfB
P76172	ynfD
P76173	ynfH
P76175	clcB
P76176	ydgD
P76177	ydgH
P76180	ydgK
P76182	rsxD
P76185	ydhJ
P76186	ydhK
P76187	ydhF
P76190	mepH
P76192	ydhV
P76193	ynhG
P76194	sufE
P76196	ydiL
P76197	ydiM
P76198	ydiN
P76201	ydiQ
P76204	ydiV
P76205	arpB
P76206	ydiY
P76208	yniB
P76210	ydjO
P76213	cho
P76214	ves
P76215	astE
P76216	astB
P76217	astD
P76219	ydjX
P76220	ydjY
P76221	ydjZ
P76222	ynjA
P76223	ynjB
P76224	ynjC
P76226	ynjF
P76227	ynjH
P76228	ynjI
P76230	ydjK
P76231	yeaC
P76234	yeaE
P76235	yeaH
P76236	cdgI
P76237	dgcJ
P76239	yoaI
P76241	nimR
P76242	nimT
P76243	yeaO
P76245	dgcP
P76249	leuE
P76250	dmlR
P76251	dmlA
P76254	yeaX
P76257	yoaA
P76261	pdeD
P76264	mntP
P76268	kdgR
P76269	yebQ
P76270	msrC
P76272	yebT
P76273	rsmF
P76275	yebW
P76278	yebZ
P76280	yobB
P76290	cmoA
P76291	cmoB
P76296	yecT
P76297	flhE
P76298	flhA
P76299	flhB
P76308	yecR
P76316	dcyD
P76318	yedK
P76319	yedL
P76322	yedM
P76323	intG
P76329	yedP
P76330	dgcQ
P76334	yedR
P76335	yedS
P76339	yedV
P76340	yedW
P76341	hiuH
P76342	msrP
P76343	msrQ
P76344	zinT
P76345	yodB
P76346	mtfA
P76347	yeeJ
P76349	yeeL
P76350	shiA
P76352	yeeO
P76356	yoeA
P76359	yeeP
P76361	yeeR
P76362	yeeS
P76364	cbeA
P76369	yeeY
P76372	wzzB
P76373	ugd
P76387	wzc
P76389	yegH
P76393	yegI
P76394	yegJ
P76395	yegK
P76396	yegL
P76397	mdtA
P76398	mdtB
P76399	mdtC
P76402	yegP
P76403	yegQ
P76406	yegR
P76407	yegS
P76417	yegT
P76418	yegU
P76419	yegV
P76421	yegX
P76422	thiD
P76423	thiM
P76425	rcnA
P76440	preT
P76445	lpxT
P76446	pdeN
P76458	atoD
P76459	atoA
P76460	atoE
P76461	atoB
P76462	yfaP
P76463	yfaQ
P76464	yfaS
P76466	yfaT
P76469	rhmA
P76470	rhmT
P76471	yfaZ
P76472	arnD
P76473	arnT
P76474	arnF
P76481	yfbK
P76482	yfbL
P76483	yfbM
P76484	yfbN
P76485	yfbO
P76486	yfbP
P76491	yfbR
P76498	yfcO
P76499	yfcP
P76500	yfcQ
P76501	yfcR
P76502	sixA
P76503	fadI
P76505	yfdF
P76506	mlaA
P76507	yfdI
P76508	yfdL
P76509	yfdM
P76510	yfdN
P76512	yfdP
P76513	yfdQ
P76514	yfdR
P76515	yfdS
P76516	yfdT
P76518	yfdE
P76520	yfdX
P76521	yfdY
P76524	ypdF
P76535	murQ
P76536	yfeX
P76537	yfeY
P76538	yfeZ
P76539	ypeA
P76540	eutK
P76541	eutL
P76542	intZ
P76543	yffL
P76544	yffM
P76545	yffN
P76546	yffO
P76547	yffP
P76548	yffQ
P76549	yffR
P76551	eutA
P76552	eutH
P76553	eutG
P76555	eutQ
P76556	eutP
P76558	maeB
P76559	ypfG
P76561	ypfH
P76562	tmcA
P76569	yfgD
P76573	yfgI
P76575	yfgJ
P76576	yfgM
P76577	pbpC
P76578	yfhM
P76584	yphB
P76585	yphG
P76586	yphH
P76594	pka
P76611	pinH
P76612	ypjB
P76613	ypjC
P76616	ygaQ
P76621	csiD
P76628	ygaY
P76630	ygaZ
P76632	casB
P76633	ygcW
P76639	ygeH
P76641	guaD
P76655	yqiG
P76656	yqiI
P76657	yqiJ
P76658	hldE
P76692	yzgL
P76773	ompL
P76909	ynjD
P76938	epmC
P77031	yqcE
P77044	mhpC
P77087	tfaX
P77091	hokE
P77129	ylbE
P77136	yqeK
P77147	ydhT
P77148	ydhS
P77150	pdxY
P77154	ycjT
P77156	ydcU
P77161	glxR
P77162	ykfB
P77163	tfaR
P77165	yagT
P77169	yagJ
P77170	pinQ
P77171	ydcI
P77172	pdeF
P77174	ybdM
P77179	rsxE
P77180	ykgH
P77181	paaY
P77182	mnmC
P77183	yagQ
P77184	lomR
P77187	yahF
P77188	ecpB
P77196	yfcU
P77199	yaiT
P77202	dsbG
P77206	yafZ
P77211	cusC
P77212	rclA
P77213	ybdK
P77214	cusF
P77215	rhmD
P77216	ybdN
P77218	eutD
P77219	yahC
P77221	yahG
P77223	rsxB
P77228	ydfJ
P77231	citG
P77234	ybeQ
P77237	essQ
P77239	cusB
P77243	prpD
P77245	murR
P77247	hxpB
P77249	sfmC
P77252	ykgE
P77256	ydjG
P77257	lsrA
P77258	nemA
P77260	ydfI
P77263	ecpE
P77265	mdlA
P77268	ddpD
P77269	yphF
P77272	murP
P77277	eutJ
P77279	fetA
P77280	ydjJ
P77285	rsxG
P77286	ydeU
P77288	yfcV
P77293	yfdH
P77294	ydeR
P77295	ygaV
P77296	ybeT
P77297	yahE
P77300	yagI
P77301	ybaP
P77302	dgcM
P77304	dtpA
P77306	yqiK
P77307	fetB
P77308	ddpB
P77309	yneJ
P77315	yphD
P77316	ybdR
P77318	ydeN
P77319	hscC
P77324	yagS
P77326	tfaS
P77328	ybbY
P77329	hyfG
P77330	borD
P77333	pgrR
P77334	pdeR
P77335	hlyE
P77337	ydiS
P77338	mscK
P77339	yafT
P77348	mppA
P77354	yafU
P77357	abgA
P77359	djlC
P77360	yphC
P77364	glxK
P77365	yafY
P77366	ycjU
P77368	ybcL
P77374	ynfE
P77375	ydhX
P77376	ydgJ
P77377	wzxC
P77378	ydiR
P77379	rclR
P77381	djlB
P77389	ydhP
P77390	citC
P77393	yahL
P77395	ybbN
P77396	ypdC
P77397	mhpA
P77398	arnA
P77399	fadJ
P77400	ybaT
P77402	ydiP
P77409	ydhU
P77414	wcaA
P77416	hyfD
P77423	hyfH
P77425	allC
P77427	ybeU
P77432	lsrK
P77433	ykgG
P77434	alaC
P77437	hyfF
P77439	fryA
P77444	sufS
P77445	eutE
P77453	hyfJ
P77454	glsA1
P77455	paaZ
P77460	ybcY
P77463	ddpC
P77467	paaG
P77468	sfmD
P77473	pdeB
P77475	yqaB
P77481	ycjV
P77485	cusS
P77489	yagR
P77493	ydjH
P77494	hokB
P77495	prpE
P77499	sufC
P77503	ycjS
P77504	ybbP
P77506	ybdJ
P77509	yphE
P77510	dpiB
P77515	stfQ
P77522	sufB
P77526	yfcG
P77528	peaD
P77529	ydjN
P77536	ykgF
P77538	yfhR
P77539	ydjL
P77541	prpB
P77544	yfcF
P77546	ydaV
P77549	yfcJ
P77551	rzpR
P77552	ydhQ
P77554	yahJ
P77555	allD
P77559	ynfL
P77561	ydeP
P77562	yaiW
P77564	ydhW
P77567	nhoA
P77569	mhpR
P77570	anmK
P77579	fryC
P77580	mhpF
P77581	astC
P77585	ypdE
P77588	ydeQ
P77589	mhpT
P77596	yagF
P77598	ybcV
P77599	yfcS
P77601	ykgA
P77607	yagL
P77608	mhpD
P77609	flxA
P77610	ansP
P77611	rsxC
P77615	ycjW
P77616	yqiH
P77619	yfeW
P77622	ddpF
P77624	yahI
P77625	hxpA
P77626	sutR
P77627	ybeR
P77634	ybcM
P77649	ydiU
P77650	hcaD
P77656	yfdK
P77657	yagK
P77658	ynaA
P77667	sufA
P77668	hyfI
P77671	allB
P77672	lsrC
P77674	prr
P77682	yfdG
P77688	ylbG
P77689	sufD
P77690	arnB
P77692	ykfI
P77694	ecpD
P77695	gnsB
P77698	ybcK
P77699	tfaD
P77700	yahB
P77704	ydjI
P77712	fadM
P77713	yagH
P77714	ydiT
P77716	ycjP
P77717	ybaY
P77718	thiI
P77721	ydjF
P77726	yajR
P77730	ydcR
P77731	allA
P77732	rhmR
P77733	focB
P77735	yajO
P77736	yahD
P77737	oppF
P77739	yniA
P77743	prpR
P77744	abgR
P77746	ybdO
P77747	ompN
P77748	ydiJ
P77754	spy
P77756	queC
P77757	arnC
P77759	ylbH
P77766	yciV
P77768	rpnB
P77774	bamB
P77775	yfcH
P77779	ybfO
P77781	menI
P77783	ynfF
P77788	nudG
P77789	ydeS
P77790	ddpX
P77791	maa
P77795	ydcT
P77802	ecpC
P77804	ydgA
P77806	ybdL
P77808	yfaY
P77858	hyfC
P78055	fsaA
P78061	puuA
P78067	ynjE
P78271	yfeS
P78285	rrrD
P80644	ssuE
P80645	ssuD
P80668	feaB
Q06065	atoC
Q06067	atoS
Q2EEP9	yafF
Q2EEQ2	ykgO
Q2EEQ3	yahH
Q2EEQ8	ybfQ
Q2EER5	ymjC
Q2EES0	ynfO
Q2EES1	yniD
Q2EES3	yoeF
Q2EES6	yohO
Q2EES9	torI
Q2EET0	ypdJ
Q2EET2	ypfN
Q2EEU2	yjhX
Q2M5U1	ytjA
Q2M7M3	ysaB
Q2M7R5	yibT
Q2M7X4	yicS
Q2MB16	yobH
Q46755	ychQ
Q46789	ygeI
Q46790	pbl
Q46791	ygeK
Q46795	ygeO
Q46796	ygeP
Q46797	ygeQ
Q46798	ygeR
Q46799	xdhA
Q46800	xdhB
Q46801	xdhC
Q46802	ygeV
Q46803	ygeW
Q46806	hyuA
Q46807	yqeA
Q46808	yqeB
Q46809	yqeC
Q46810	mocA
Q46811	ygfK
Q46812	ssnA
Q46814	xdhD
Q46817	ghxQ
Q46819	ygfS
Q46820	ygfT
Q46821	uacT
Q46822	idi
Q46824	ygfX
Q46829	bglA
Q46831	yqgA
Q46832	yghD
Q46833	yghE
Q46834	yghF
Q46835	yghG
Q46836	pppA
Q46839	glcA
Q46840	yghO
Q46841	yghQ
Q46843	yghS
Q46844	yghT
Q46845	yghU
Q46851	gpr
Q46855	yqhC
Q46856	yqhD
Q46857	dkgA
Q46858	yqhG
Q46861	ygiQ
Q46863	ygiS
Q46864	mqsA
Q46865	mqsR
Q46866	ygiV
Q46867	ygiZ
Q46868	yqiC
Q46871	yqjH
Q46877	norV
Q46888	ltnD
Q46889	otnK
Q46890	otnC
Q46891	otnI
Q46892	ygbN
Q46896	ygbT
Q46897	casE
Q46898	casD
Q46899	casC
Q46901	casA
Q46904	ygcN
Q46905	ygcO
Q46906	ygcP
Q46907	ygcQ
Q46908	ygcR
Q46909	ygcS
Q46911	ygcU
Q46915	gudX
Q46916	gudP
Q46919	yqcC
Q46920	queF
Q46925	csdA
Q46927	tcdA
Q46938	kduI
Q46939	yqeF
Q46941	yqeH
Q46942	yqeI
Q46943	yqeJ
Q46948	yajL
Q46953	ypjF
Q47005	nac
Q47013	elaD
Q47083	cbl
Q47129	feaR
Q47138	ydfE
Q47140	hcaF
Q47141	hcaR
Q47142	hcaT
Q47146	fadE
Q47147	yafJ
Q47149	yafQ
Q47150	dinJ
Q47151	yafL
Q47152	rayT
Q47153	lfhA
Q47154	lafU
Q47155	dinB
Q47156	yafN
Q47157	yafO
Q47158	yafP
Q47208	fdrA
Q47268	ylcH
Q47269	ybcN
Q47270	ninE
Q47272	ylcG
Q47274	quuD
Q47319	yfiP
Q47377	arnE
Q47534	yaiO
Q47536	yaiP
Q47537	tauA
Q47538	tauB
Q47539	tauC
Q47622	sapA
Q47679	yafV
Q47684	yafW
Q47685	ykfG
Q47688	ykfC
Q47689	mmuP
Q47690	mmuM
Q47702	yfeK
Q47706	uidC
Q47710	yqjK
Q47718	insO2
Q47719	b4286
Q57083	perR
Q57261	truD
Q59385	copA
Q6BEX0	ytfR
Q6BEX5	yjdP
Q6BF16	dgoA
Q6BF17	dgoD
Q6BF25	ldrD
Q6BF87	ldrB
Q79CP2	ygiA
Q79E92	ykgN
Q7DFU6	yghX
Q7DFV3	ymgG
Q7DFV4	ymdE
Q93K97	nudF
Q9XB42	ykfH
Q9Z3A0	yjgW
U3PVA8	iroK
V9HVX0	ypaA
