operon	locus_tag
hrpA	b1413
flhDC	b1891
flhDC	b1892
dgcJ	b1786
dgt	b0160
livKHMGF	b3454
livKHMGF	b3455
livKHMGF	b3456
livKHMGF	b3457
livKHMGF	b3458
ispG-sroE	b2515
ispG-sroE	b4761
lrp	b0889
yqeH	b2846
phnLMNOP	b4092
phnLMNOP	b4093
phnLMNOP	b4094
phnLMNOP	b4095
phnLMNOP	b4096
mpl	b4233
ymdF	b4518
rsmE-gshB	b2947
rsmE-gshB	b2946
kdgT	b3909
cyaR	b4438
pspABCDE	b1304
pspABCDE	b1305
pspABCDE	b1306
pspABCDE	b1307
pspABCDE	b1308
hslR-hslO	b3401
hslR-hslO	b3400
rrsG-gltW-rrlG-rrfG	b2588
rrsG-gltW-rrlG-rrfG	b2589
rrsG-gltW-rrlG-rrfG	b2590
rrsG-gltW-rrlG-rrfG	b2591
aroL-yaiA-aroM	b0388
aroL-yaiA-aroM	b0389
aroL-yaiA-aroM	b0390
cdh	b3918
gltX	b2400
ltaE-ybjT	b0869
ltaE-ybjT	b0870
ymfJ	b1144
aspU	b0206
mscK	b0465
exoD	b0539
ssuEADCB	b0933
ssuEADCB	b0934
ssuEADCB	b0935
ssuEADCB	b0936
ssuEADCB	b0937
sfmCD	b0532
sfmCD	b0531
sraA	""
yedI	b1958
yaeR	b0187
cbrC	b3717
hemF	b2436
pyrH	b0171
fur	b0683
ydgJ	b1624
ryeA	b4432
btsSR	b2126
btsSR	b2125
mepS	b2175
trkG	b1363
alaE	b2670
ybgC-tolQRA	b0736
ybgC-tolQRA	b0737
ybgC-tolQRA	b0738
ybgC-tolQRA	b0739
caiTABCDE	b0035
caiTABCDE	b0036
caiTABCDE	b0037
caiTABCDE	b0038
caiTABCDE	b0039
caiTABCDE	b0040
glnB	b2553
ydiL	b1689
micF	b4439
rybB	b4417
miaA-hfq-hflXKC	b4175
miaA-hfq-hflXKC	b4174
miaA-hfq-hflXKC	b4173
miaA-hfq-hflXKC	b4172
miaA-hfq-hflXKC	b4171
kbl-tdh	b3616
kbl-tdh	b3617
zinT	b1973
aspX	b4825
yheSTU	b3354
yheSTU	b3353
yheSTU	b3352
ygfK-ssnA	b2879
ygfK-ssnA	b2878
pqqL	b1494
hokB	b4428
rfbBDACX	b2037
rfbBDACX	b2038
rfbBDACX	b2039
rfbBDACX	b2040
rfbBDACX	b2041
ycgZ-ymgA-ariR-ymgC	b1167
ycgZ-ymgA-ariR-ymgC	b1166
ycgZ-ymgA-ariR-ymgC	b1165
ycgZ-ymgA-ariR-ymgC	b1164
yrhC	b4552
csgDEFG	b1037
csgDEFG	b1038
csgDEFG	b1039
csgDEFG	b1040
yhbP	b3154
ydeJ	b1537
yaiP	b0363
putP	b1015
abrB	b0715
mnt-btuF-yadS	b0159
mnt-btuF-yadS	b0158
mnt-btuF-yadS	b0157
gabDTP	b2663
gabDTP	b2662
gabDTP	b2661
glsB-yneG	b1524
glsB-yneG	b1523
ykfC	b0258
hisBHAFI	b2026
hisBHAFI	b2025
hisBHAFI	b2024
hisBHAFI	b2023
hisBHAFI	b2022
pstSCAB-phoU	b3724
pstSCAB-phoU	b3725
pstSCAB-phoU	b3726
pstSCAB-phoU	b3727
pstSCAB-phoU	b3728
nlpD-rpoS	b2741
nlpD-rpoS	b2742
gntR	b3438
rhaD	b3902
ygcRQ	b2770
ygcRQ	b2769
ydaGF	b1355
ydaGF	b4527
bolA	b0435
purL	b2557
opgB	b4359
mrr	b4351
xapB	b2406
ydjO	b1730
hipBA	b1507
hipBA	b1508
ygcS	b2771
insQ	b1432
essQ-ydfR-rrrQ-rzpQ	b1556
essQ-ydfR-rrrQ-rzpQ	b1555
essQ-ydfR-rrrQ-rzpQ	b1554
essQ-ydfR-rrrQ-rzpQ	b1553
tdcABCDEFG	b4471
tdcABCDEFG	b3113
tdcABCDEFG	b3114
tdcABCDEFG	b3115
tdcABCDEFG	b3116
tdcABCDEFG	b3117
tdcABCDEFG	b3118
aroP	b0112
yafY-ykfBF-yafX-ykfGH-yafW-ykfI	b0251
yafY-ykfBF-yafX-ykfGH-yafW-ykfI	b0250
yafY-ykfBF-yafX-ykfGH-yafW-ykfI	b0249
yafY-ykfBF-yafX-ykfGH-yafW-ykfI	b0248
yafY-ykfBF-yafX-ykfGH-yafW-ykfI	b0247
yafY-ykfBF-yafX-ykfGH-yafW-ykfI	b4504
yafY-ykfBF-yafX-ykfGH-yafW-ykfI	b0246
yafY-ykfBF-yafX-ykfGH-yafW-ykfI	b0245
rsmH-ftsLI-murEF-mraY-murD-ftsW-murGC-ddlB-ftsQAZ-lpxC	b0096
rsmH-ftsLI-murEF-mraY-murD-ftsW-murGC-ddlB-ftsQAZ-lpxC	b0095
rsmH-ftsLI-murEF-mraY-murD-ftsW-murGC-ddlB-ftsQAZ-lpxC	b0094
rsmH-ftsLI-murEF-mraY-murD-ftsW-murGC-ddlB-ftsQAZ-lpxC	b0093
rsmH-ftsLI-murEF-mraY-murD-ftsW-murGC-ddlB-ftsQAZ-lpxC	b0092
rsmH-ftsLI-murEF-mraY-murD-ftsW-murGC-ddlB-ftsQAZ-lpxC	b0091
rsmH-ftsLI-murEF-mraY-murD-ftsW-murGC-ddlB-ftsQAZ-lpxC	b0090
rsmH-ftsLI-murEF-mraY-murD-ftsW-murGC-ddlB-ftsQAZ-lpxC	b0089
rsmH-ftsLI-murEF-mraY-murD-ftsW-murGC-ddlB-ftsQAZ-lpxC	b0088
rsmH-ftsLI-murEF-mraY-murD-ftsW-murGC-ddlB-ftsQAZ-lpxC	b0087
rsmH-ftsLI-murEF-mraY-murD-ftsW-murGC-ddlB-ftsQAZ-lpxC	b0086
rsmH-ftsLI-murEF-mraY-murD-ftsW-murGC-ddlB-ftsQAZ-lpxC	b0085
rsmH-ftsLI-murEF-mraY-murD-ftsW-murGC-ddlB-ftsQAZ-lpxC	b0084
rsmH-ftsLI-murEF-mraY-murD-ftsW-murGC-ddlB-ftsQAZ-lpxC	b0083
rsmH-ftsLI-murEF-mraY-murD-ftsW-murGC-ddlB-ftsQAZ-lpxC	b0082
ydjE	b1769
yahDEFG	b0321
yahDEFG	b0320
yahDEFG	b0319
yahDEFG	b0318
sbmC	b2009
mepH	b1655
recF	b3700
yfaZ	b2250
oxyR	b3961
rseD-rpoE-rseABC	b4725
rseD-rpoE-rseABC	b2570
rseD-rpoE-rseABC	b2571
rseD-rpoE-rseABC	b2572
rseD-rpoE-rseABC	b2573
xanP	b3654
mtfA	b1976
yabPQ	b0057
yabPQ	b0056
pncC	b2700
rfbACX	b2037
rfbACX	b2038
rfbACX	b2039
cydDC	b0886
cydDC	b0887
bglG	b3723
insZ	b4573
iprA	b0375
tpke11	""
yciSM-pyrF-yciH	b1282
yciSM-pyrF-yciH	b1281
yciSM-pyrF-yciH	b1280
yciSM-pyrF-yciH	b1279
yacH	b0117
ligB	b3647
groL	b4143
dctA	b3528
malY	b1622
argO	b2923
ilvLXG_1G_2MEDA	b4669
ilvLXG_1G_2MEDA	b4488
ilvLXG_1G_2MEDA	b3772
ilvLXG_1G_2MEDA	b3771
ilvLXG_1G_2MEDA	b3770
ilvLXG_1G_2MEDA	b3769
ilvLXG_1G_2MEDA	b3766
marC	b1529
ydhF	b1647
cydAB	b0734
cydAB	b0733
ryfA	b4440
ileX	b3069
recET-ralR-rcbA-xisR-intR	b1350
recET-ralR-rcbA-xisR-intR	b1349
recET-ralR-rcbA-xisR-intR	b1348
recET-ralR-rcbA-xisR-intR	b1347
recET-ralR-rcbA-xisR-intR	b1346
recET-ralR-rcbA-xisR-intR	b1345
insMI3	b4561
insMI3	b4284
pepT	b1127
ydbK	b1378
ydjA-selD-topB	b1763
ydjA-selD-topB	b1765
ydjA-selD-topB	b1764
insH-2	b0552
nagA	b0677
tonB	b1252
ydiFO	b1695
ydiFO	b1694
yejK	b2186
yghA	b3003
arcA	b4401
ygdQ	b2832
nudE	b3397
galET	b0758
galET	b0759
ygiN	b3029
greA	b3181
napFDAGHBC-ccmABCDEFGH	b2194
napFDAGHBC-ccmABCDEFGH	b2195
napFDAGHBC-ccmABCDEFGH	b2196
napFDAGHBC-ccmABCDEFGH	b2197
napFDAGHBC-ccmABCDEFGH	b2198
napFDAGHBC-ccmABCDEFGH	b2199
napFDAGHBC-ccmABCDEFGH	b2200
napFDAGHBC-ccmABCDEFGH	b2201
napFDAGHBC-ccmABCDEFGH	b2202
napFDAGHBC-ccmABCDEFGH	b2203
napFDAGHBC-ccmABCDEFGH	b2204
napFDAGHBC-ccmABCDEFGH	b2205
napFDAGHBC-ccmABCDEFGH	b2206
napFDAGHBC-ccmABCDEFGH	b2207
napFDAGHBC-ccmABCDEFGH	b2208
yghX	b4658
pspF	b1303
focA-pflB	b0903
focA-pflB	b0904
mnmE	b3706
gcvB	b4443
ushA	b0480
rnd	b1804
yhdT-panF-prmA	b3257
yhdT-panF-prmA	b3258
yhdT-panF-prmA	b3259
mazEFG	b2781
mazEFG	b2782
mazEFG	b2783
ispDF	b2746
ispDF	b2747
yabI	b0065
argP	b2916
yibD	b3615
dolP	b3150
yidHGF	b3676
yidHGF	b3675
yidHGF	b3674
envY-ompT	b0565
envY-ompT	b0566
yceH	b1067
ycgZ	b1164
yfaL	b2233
insC4D4CD4-ygeON	b2861
insC4D4CD4-ygeON	b2860
insC4D4CD4-ygeON	""
insC4D4CD4-ygeON	b2859
insC4D4CD4-ygeON	b2858
yqhH	b3014
aidB	b4187
deoBD	b4384
deoBD	b4383
groSL	b4143
groSL	b4142
hypBCDE-fhlA	b2731
hypBCDE-fhlA	b2730
hypBCDE-fhlA	b2729
hypBCDE-fhlA	b2728
hypBCDE-fhlA	b2727
yhjD	b3522
ybaE	b0445
selC	b3658
yhdP	b4472
cmr	b0842
coaA	b3974
mlrA	b2127
kptA	b4331
serX	b1032
sixA	b2340
mcrBC	b4345
mcrBC	b4346
yahIJ	b0324
yahIJ	b0323
xylFGHR	b3566
xylFGHR	b3567
xylFGHR	b3568
xylFGHR	b3569
yahE	b0319
fsaA	b0825
holD-rimI-yjjG	b4374
holD-rimI-yjjG	b4373
holD-rimI-yjjG	b4372
hisL	b2018
yaaX	b0005
ssrS	b2911
ydfUT	b1560
ydfUT	b1559
dam-rpe-gph-trpS	b3384
dam-rpe-gph-trpS	b3385
dam-rpe-gph-trpS	b3386
dam-rpe-gph-trpS	b3387
sdiA	b1916
yebW	b1837
ybiA	b0798
eutBCLKR	b2441
eutBCLKR	b2440
eutBCLKR	b2439
eutBCLKR	b2438
eutBCLKR	b2437
gmk	b3648
gpt	b0238
rydC	b4597
proP	b4111
zipA	b2412
yhcO	b3239
sroH	b4691
infA	b0884
alsK	b4084
yjtD	b4403
yoeA	b4582
dauA	b1206
elaD	b2269
gatYZABCD	b2091
gatYZABCD	b2092
gatYZABCD	b2093
gatYZABCD	b2094
gatYZABCD	b2095
gatYZABCD	b2096
cycA	b4208
panBC	b0133
panBC	b0134
elfA	b0938
gapA-yeaD	b1780
gapA-yeaD	b1779
plaR	b3574
yaaA	b0006
nac	b1988
asnC	b3743
spf	b3864
yajG-ampG	b0433
yajG-ampG	b0434
gcvA	b2808
yehHI	b4499
yehHI	b2118
cbpAM	b0999
cbpAM	b1000
metJ	b3938
dhaM	b1198
aroH	b1704
cvpA-purF-ubiX	b2311
cvpA-purF-ubiX	b2312
cvpA-purF-ubiX	b2313
ybiJ	b0802
trxA	b3781
yafZ	b0252
yggX-mltC-nupG	b2964
yggX-mltC-nupG	b2963
yggX-mltC-nupG	b2962
yqhD-dkgA	b3012
yqhD-dkgA	b3011
osmY	b4376
yhhM	b3467
ghoST	b4559
ghoST	b4128
rdlA	b4420
xerD-dsbC-recJ	b2892
xerD-dsbC-recJ	b2893
xerD-dsbC-recJ	b2894
ybgA-phr	b0708
ybgA-phr	b0707
yzcX	b3808
ygjH	b3074
rplU-rpmA	b3185
rplU-rpmA	b3186
lon	b0439
rydB	b4430
wza-wzb-wzc-wcaAB	b2058
wza-wzb-wzc-wcaAB	b2059
wza-wzb-wzc-wcaAB	b2060
wza-wzb-wzc-wcaAB	b2061
wza-wzb-wzc-wcaAB	b2062
tus	b1610
cbpA-cbpM	b0999
cbpA-cbpM	b1000
cytR	b3934
chaA	b1216
trkA	b3290
ybeZYX-lnt	b0657
ybeZYX-lnt	b0658
ybeZYX-lnt	b0659
ybeZYX-lnt	b0660
lepAB	b2569
lepAB	b2568
ydfJ	b1543
mdtH	b1065
ygfF	b2902
helD	b0962
ylaC	b0458
dnaQ	b0215
insG	b4278
ycjD	b1289
yieEF	b3713
yieEF	b3712
xylE	b4031
umuDC	b1183
umuDC	b1184
ydjXYZ-ynjABCD	b1756
ydjXYZ-ynjABCD	b1755
ydjXYZ-ynjABCD	b1754
ydjXYZ-ynjABCD	b1753
ydjXYZ-ynjABCD	b1752
ydjXYZ-ynjABCD	b1751
ydjXYZ-ynjABCD	b1750
osmB	b1283
ftsP	b3017
ygeY	b2872
rpoE-rseABC	b2570
rpoE-rseABC	b2571
rpoE-rseABC	b2572
rpoE-rseABC	b2573
yjhE	b4282
glnLG	b3868
glnLG	b3869
feaR	b1384
casABCDE12	b2760
casABCDE12	b2759
casABCDE12	b2758
casABCDE12	b2757
casABCDE12	b2756
casABCDE12	b2755
casABCDE12	b2754
mutH	b2831
rpsP-rimM-trmD-rplS	b2606
rpsP-rimM-trmD-rplS	b2607
rpsP-rimM-trmD-rplS	b2608
rpsP-rimM-trmD-rplS	b2609
acnA	b1276
pfkA	b3916
yfhM-pbpC	b2520
yfhM-pbpC	b2519
rne	b1084
cspA	b3556
yoaE	b1816
polB	b0060
sgrR-sroA-thiBPQ	b0069
sgrR-sroA-thiBPQ	b4762
sgrR-sroA-thiBPQ	b0068
sgrR-sroA-thiBPQ	b0067
sgrR-sroA-thiBPQ	b0066
cfa	b1661
nudB-yebC-ruvC	b1863
nudB-yebC-ruvC	b1864
nudB-yebC-ruvC	b1865
galK	b0757
yfhR	b2534
ymdAB-clsC	b1046
ymdAB-clsC	b1045
ymdAB-clsC	b1044
tolC-ygiBC	b3038
tolC-ygiBC	b3037
tolC-ygiBC	b3035
cynR	b0338
udp	b3831
pabB-nudL	b1813
pabB-nudL	b1812
uidABC	b1615
uidABC	b1616
uidABC	b1617
yqhC	b3010
hxpB	b1727
yjjQ-bglJ	b4366
yjjQ-bglJ	b4365
zupT	b3040
yibJ	b3595
pykA	b1854
sbcDC	b0398
sbcDC	b0397
dnaB	b4052
yihI	b3866
gadE-mdtEF	b4718
gadE-mdtEF	b3514
gadE-mdtEF	b3513
gadE-mdtEF	b3512
ypdI	b2376
yciN	b1273
epd-pgk-fbaA	b2925
epd-pgk-fbaA	b2926
epd-pgk-fbaA	b2927
yhcG	b3220
digH	b1491
yfiC	b2575
folA	b0048
murA	b3189
znuA	b1857
ygbF	b2754
add	b1623
ryfD	b4609
pbl	b2854
yphG	b2549
yebE	b1846
malXY	b1621
malXY	b1622
purA	b4177
mlc-ynfK	b1593
mlc-ynfK	b1594
omrA	b4444
bacA	b3057
yiaKLMNO-lyx-sgbHUE	b3577
yiaKLMNO-lyx-sgbHUE	b3583
yiaKLMNO-lyx-sgbHUE	b3582
yiaKLMNO-lyx-sgbHUE	b3581
yiaKLMNO-lyx-sgbHUE	b3580
yiaKLMNO-lyx-sgbHUE	b3579
yiaKLMNO-lyx-sgbHUE	b3578
yiaKLMNO-lyx-sgbHUE	b3576
yiaKLMNO-lyx-sgbHUE	b3575
yfbK	b2270
dnaKJ	""
dnaKJ	b0014
dnaKJ	b0015
metK	b2942
iraD	b4722
iraD	b4326
rspA-rspB	b1581
rspA-rspB	b1580
yidKJ	b3679
yidKJ	b3678
rmuC	b3832
yhcB	b3233
mcbA	b0806
yggN	b2958
dsbD-yjdC	b4136
dsbD-yjdC	b4135
ydcC	b1460
ubiT-yhbS	b3157
ubiT-yhbS	b3156
kdsA	b1215
rep	b3778
insE4F4EF4	b1027
insE4F4EF4	b1026
insE4F4EF4	""
gnsA	b4517
cbrA	b3690
amyA	b1927
lysO	b0874
insE2F2EF2	b0373
insE2F2EF2	b0372
insE2F2EF2	""
pykF	b1676
queG	b4166
tyrP	b1907
narK	b4813
narK	b1223
osmC	b1482
yeeZ	b2016
mglAC	b2148
mglAC	b2149
ydbH-ynbE-ydbL	b1383
ydbH-ynbE-ydbL	b1382
ydbH-ynbE-ydbL	b1381
dcuD	b3227
bamD	b2595
yncD	b1451
tgt-yajC	b0407
tgt-yajC	b0406
grxA	b0849
ynfO-ydfO	b1549
ynfO-ydfO	b4533
ubiD	b3843
ybjM	b0848
ghxP	b4064
lpxP	b2378
emtA	b1193
yebO	b1825
rutABCDEFG	b1012
rutABCDEFG	b1011
rutABCDEFG	b1010
rutABCDEFG	b1009
rutABCDEFG	b1008
rutABCDEFG	b1007
rutABCDEFG	b1006
rrsB-gltT-rrlB-rrfB	b3971
rrsB-gltT-rrlB-rrfB	b3970
rrsB-gltT-rrlB-rrfB	b3969
rrsB-gltT-rrlB-rrfB	b3968
yibF	b3592
yihLM	b3873
yihLM	b3872
hofMNOP	b3395
hofMNOP	b3394
hofMNOP	b3393
hofMNOP	b3392
rprA	b4431
yagJ	b0276
yebB	b1862
yihPO	b3877
yihPO	b3876
yjdC	b4135
diaA	b3149
rrsE-gltV-rrlE-rrfE	b4010
rrsE-gltV-rrlE-rrfE	b4009
rrsE-gltV-rrlE-rrfE	b4008
rrsE-gltV-rrlE-rrfE	b4007
argF	b0273
ydbJ	b4529
trpL	b1265
rsd	b3995
ytfQRT-yjfF	b4231
ytfQRT-yjfF	b4230
ytfQRT-yjfF	b4485
ytfQRT-yjfF	b4227
eptB	b3546
yaiZ	b0380
sucAB	b0727
sucAB	b0726
yqhG	b3013
ftsB	b2748
yoeF	b4538
hlyE	b1182
intB	b4271
ygbE	b2749
proBA	b0242
proBA	b0243
yahM	b0327
yfdX	b2371
yfdX	b2372
yfdX	b2373
yfdX	b2374
yfdX	b2375
shiA	b1981
csrA	b2696
nanXY	b4280
nanXY	b4279
frsA	b0239
glyU	b2864
tag-yiaC	b3550
tag-yiaC	b3549
yggG	b2936
flgAMN	b1070
flgAMN	b1071
flgAMN	b1072
shoB	b4687
purU	b1232
ypfH	b2473
artPIQM	b0861
artPIQM	b0862
artPIQM	b0863
artPIQM	b0864
nfuA	b3414
ompC	b2215
ynfB-speG	b1584
ynfB-speG	b1583
mhpR-lacI	b0345
mhpR-lacI	b0346
bcp	b2480
yebG	b1848
tfaX	b0563
bcsABZC	b3530
bcsABZC	b3531
bcsABZC	b3532
bcsABZC	b3533
alaWX	b2396
alaWX	b2397
cysB	b1275
ptsHI-crr	b2415
ptsHI-crr	b2416
ptsHI-crr	b2417
malEFGH	b4807
malEFGH	b4032
malEFGH	b4033
malEFGH	b4034
rluB	b1269
aas-lplT	b2836
aas-lplT	b2835
sraG	b4449
pgk	b2926
trmB-yggL	b2960
trmB-yggL	b2959
bglH-yieLK	b3720
bglH-yieLK	b3719
bglH-yieLK	b3718
talA	b2464
macB	b0879
yliI	b0837
yieH	b3715
zraP	b4002
ariR	b1166
rpsI	b3230
adhE	b1241
yagGH	b0271
yagGH	b0270
endA	b2945
moaBCDE	b0785
moaBCDE	b0784
moaBCDE	b0783
moaBCDE	b0782
upp-uraA	b2497
upp-uraA	b2498
ssb	b4059
gnsB	b1550
cpdB	b4213
ffs	b0455
ygcNOP	b2768
ygcNOP	b2767
ygcNOP	b2766
yjbB	b4020
ybjO-rlmC	b0859
ybjO-rlmC	b0858
rnt-lhr	b1652
rnt-lhr	b1653
ddpXABCDF	b1483
ddpXABCDF	b1484
ddpXABCDF	b1485
ddpXABCDF	b1486
ddpXABCDF	b1487
ddpXABCDF	b1488
gapC_1C_2	b4493
yddH	b1462
mlaFEDCB	b3191
mlaFEDCB	b3192
mlaFEDCB	b3193
mlaFEDCB	b3194
mlaFEDCB	b3195
yfaE	b2236
ycbJ	b0919
yihR	b3879
yffO-yffP	b2447
yffO-yffP	b2446
yjjI	b4380
mrp	b2113
ftsYEX	b3462
ftsYEX	b3463
ftsYEX	b3464
rpmH-rnpA	b3703
rpmH-rnpA	b3704
fliLMNOPQR	b1944
fliLMNOPQR	b1945
fliLMNOPQR	b1946
fliLMNOPQR	b1947
fliLMNOPQR	b1948
fliLMNOPQR	b1949
fliLMNOPQR	b1950
fabB	b2323
yibL	b3602
gpmM-envC-yibQ	b3614
gpmM-envC-yibQ	b3613
gpmM-envC-yibQ	b3612
yzgL	b3427
rstAB	b1609
rstAB	b1608
nfrBA	b0568
nfrBA	b0569
paaJ	b1397
ymcE-gnsA	b4517
ymcE-gnsA	b0991
gcl-hyi-glxR-ybbVW-allB-ybbY-glxK	b0514
gcl-hyi-glxR-ybbVW-allB-ybbY-glxK	b0513
gcl-hyi-glxR-ybbVW-allB-ybbY-glxK	b0512
gcl-hyi-glxR-ybbVW-allB-ybbY-glxK	b0511
gcl-hyi-glxR-ybbVW-allB-ybbY-glxK	b0509
gcl-hyi-glxR-ybbVW-allB-ybbY-glxK	b0508
gcl-hyi-glxR-ybbVW-allB-ybbY-glxK	b0507
glk	b2388
metA	b4013
yciVOQ	b1268
yciVOQ	b1267
yciVOQ	b1266
rcnAB	b2107
rcnAB	b2106
cysG	b3368
micA	b4442
eutSPQTDM	b2462
eutSPQTDM	b2461
eutSPQTDM	b2460
eutSPQTDM	b2459
eutSPQTDM	b2458
eutSPQTDM	b2457
esrE	b4707
ybdL	b0600
pliG	b1178
yqfA	b2899
ypjB	b2649
fldA-uof-fur	b4637
fldA-uof-fur	b0683
fldA-uof-fur	b0684
ydfABC-dicFB-ydfD	b1576
ydfABC-dicFB-ydfD	b1575
ydfABC-dicFB-ydfD	b1574
ydfABC-dicFB-ydfD	b1573
ydfABC-dicFB-ydfD	b1572
ydfABC-dicFB-ydfD	b1571
ynjH	b1760
fumD	b1675
dsdC	b2364
rdgB-yggW	b2955
rdgB-yggW	b2954
acnA	b4741
mltF	b2558
ygbLM	b2739
ygbLM	b2738
hdeAB-yhiD	b3508
hdeAB-yhiD	b3509
hdeAB-yhiD	b3510
pcnB-folK	b0142
pcnB-folK	b0143
ykgA	b0300
ytfK	b4217
ptrA	b2821
yggE	b2922
yjiT	b4342
frr	b0172
amn	b1982
yhiJ	b3488
yifB	b3765
fimB	b4312
mnmA	b1133
yjfZ	b4204
yfeR	b2409
adiA	b4117
yicC	b3644
rutR	b1013
lacZYA	b0342
lacZYA	b0343
lacZYA	b0344
mutY-yggX-mltC	b2963
mutY-yggX-mltC	b2962
mutY-yggX-mltC	b2961
bioH	b3412
galE	b0759
zntB	b1342
ygbJK	b2737
ygbJK	b2736
speC	b2965
yqcE-ygcE	b2776
yqcE-ygcE	b2775
cobUST	b1991
cobUST	b1992
cobUST	b1993
yadV-htrE	b0139
yadV-htrE	b0140
sdsR-pphA	b1838
sdsR-pphA	b4433
ibsD	b4664
yjiV	b4486
rhlE	b0797
secG-leuU	b3174
secG-leuU	b3175
xylR	b3569
melAB	b4119
melAB	b4120
hypF	b2712
ftp	b2214
rpsT	b0023
tusE	b0969
malI	b1620
metR	b3828
mdoGH	b1049
mdoGH	b1048
otsBA	b1897
otsBA	b1896
yeaD	b1780
ryhB	b4451
sugE	b4148
recQ	b3822
yfgM	b2513
gpmA	b0755
yghZ	b3001
mppA	b1329
gntT	b3415
ydiE	b1705
trxC	b2582
rph-pyrE	b3642
rph-pyrE	b3643
ynfL	b1595
yjbE	b4026
tldD	b3244
yebK	b1853
mhpT	b0353
relA	b2784
abpAB	b2628
abpAB	b2627
yedRJ	b1963
yedRJ	b1962
glnS	b0680
ibaG-murA	b3189
ibaG-murA	b3190
ecpR	b0294
rplJL-rpoBC	b3985
rplJL-rpoBC	b3986
rplJL-rpoBC	b3987
rplJL-rpoBC	b3988
glxK	b0514
yiiR	b3921
dnaN-recF	b3700
dnaN-recF	b3701
alkA	b2068
nudC-hemE-nfi	b3998
nudC-hemE-nfi	b3997
nudC-hemE-nfi	b3996
yjgX	b4575
yddLKJ	b1472
yddLKJ	b1471
yddLKJ	b1470
clpPX	b0437
clpPX	b0438
stfZ	b4840
dsbC	b2893
dcp	b1538
yfcE	b2300
yraIJK	b3145
yraIJK	b3144
yraIJK	b3143
pgsA	b1912
nadB	b2574
ptsG	b1101
queA	b0405
eda	b1850
ycaO	b0905
ybhA	b0766
sad	b1525
ubiK	b3042
yehF	b2115
nohA-stfQ-tfaQ	b1546
nohA-stfQ-tfaQ	b1547
nohA-stfQ-tfaQ	b1548
clpA	b0882
iap	b2753
ynjI	b1762
pspG	b4758
pspG	b4050
ypfJ-tmcA	b2475
ypfJ-tmcA	b2474
ydhL	b1648
ppsA	b1702
glpABC	b2241
glpABC	b2242
glpABC	b2243
sdhDAB	b0724
sdhDAB	b0723
sdhDAB	b0722
araFGH	b4460
araFGH	b1900
araFGH	b1901
ygaC	b2671
yfgA	b2516
pheU	b4134
astCADBE	b1744
astCADBE	b1745
astCADBE	b1746
astCADBE	b1747
astCADBE	b1748
yeeJ	b1978
yeeO	b1985
gfcE-etp-etk	b0983
gfcE-etp-etk	b0982
gfcE-etp-etk	b0981
ribF-ileS-lspA-fkpB-ispH	b0025
ribF-ileS-lspA-fkpB-ispH	b0026
ribF-ileS-lspA-fkpB-ispH	b0027
ribF-ileS-lspA-fkpB-ispH	b0028
ribF-ileS-lspA-fkpB-ispH	b0029
dusA	b4049
dxr-uppS-cdsA	b0175
dxr-uppS-cdsA	b0174
dxr-uppS-cdsA	b0173
ymfTLMNR-beeE-jayE-ymfQ-ycfK-tfaP	b1155
ymfTLMNR-beeE-jayE-ymfQ-ycfK-tfaP	b1154
ymfTLMNR-beeE-jayE-ymfQ-ycfK-tfaP	b1153
ymfTLMNR-beeE-jayE-ymfQ-ycfK-tfaP	b1152
ymfTLMNR-beeE-jayE-ymfQ-ycfK-tfaP	b1151
ymfTLMNR-beeE-jayE-ymfQ-ycfK-tfaP	b1150
ymfTLMNR-beeE-jayE-ymfQ-ycfK-tfaP	b1149
ymfTLMNR-beeE-jayE-ymfQ-ycfK-tfaP	b1148
ymfTLMNR-beeE-jayE-ymfQ-ycfK-tfaP	b1147
ymfTLMNR-beeE-jayE-ymfQ-ycfK-tfaP	b1146
yoaA	b1808
glnW-metU-glnVX	b0664
glnW-metU-glnVX	b0665
glnW-metU-glnVX	b0666
glnW-metU-glnVX	b0668
ybjQ-amiD	b0867
ybjQ-amiD	b0866
glyVXY	b4163
glyVXY	b4164
glyVXY	b4165
damX-dam-rpe-gph-trpS	b3384
damX-dam-rpe-gph-trpS	b3385
damX-dam-rpe-gph-trpS	b3386
damX-dam-rpe-gph-trpS	b3387
damX-dam-rpe-gph-trpS	b3388
ptsA-fsaB-gldA	b3947
ptsA-fsaB-gldA	b3946
ptsA-fsaB-gldA	b3945
ybeT	b0647
thrLABC	b0001
thrLABC	b0002
thrLABC	b0003
thrLABC	b0004
thrS-infC-rpmI-rplT-pheMST-ihfA	b1712
thrS-infC-rpmI-rplT-pheMST-ihfA	b1713
thrS-infC-rpmI-rplT-pheMST-ihfA	b1714
thrS-infC-rpmI-rplT-pheMST-ihfA	b1715
thrS-infC-rpmI-rplT-pheMST-ihfA	b1716
thrS-infC-rpmI-rplT-pheMST-ihfA	b1717
thrS-infC-rpmI-rplT-pheMST-ihfA	b1718
thrS-infC-rpmI-rplT-pheMST-ihfA	b1719
trmL	b3606
chbBCARFG	b1733
chbBCARFG	b1734
chbBCARFG	b1735
chbBCARFG	b1736
chbBCARFG	b1737
chbBCARFG	b1738
ompL	b3875
rdlC	b4424
mdtM-yjiN	b4337
mdtM-yjiN	b4336
pcnB-folk	b0142
pcnB-folk	b0143
pheP	b0576
frvABXR	b3900
frvABXR	b3899
frvABXR	b3898
frvABXR	b3897
gntXY	b3414
gntXY	b3413
modEF	b0761
modEF	b0760
frmRAB	b0357
frmRAB	b0356
frmRAB	b0355
rhsB	b3482
ycaK	b0901
kdpFABC	b4513
kdpFABC	b0696
kdpFABC	b0697
kdpFABC	b0698
matP	b0956
ssrS-ygfA	b2912
ssrS-ygfA	b2911
plsB	b4041
ppiD	b0441
phoPQ	b1129
phoPQ	b1130
rpnB	b2305
rhaM	b3901
melR	b4118
yqjG	b3102
ypjC	b2650
csdAE	b2811
csdAE	b2810
yhfA	b3356
ybeU-djlC	b0649
ybeU-djlC	b0648
ydhC	b1660
yicJI	b3656
yicJI	b3657
mqsRA	b3021
mqsRA	b3022
norR	b2709
rcsB	b2217
yddM	b1477
ravA-viaA	b3746
ravA-viaA	b3745
yeeL	b4497
ynfD	b1586
ivbL	b3672
yqaE-kbp	b2665
yqaE-kbp	b2666
dps	b0812
rrsC-gltU-rrlC-rrfC	b3759
rrsC-gltU-rrlC-rrfC	b3758
rrsC-gltU-rrlC-rrfC	b3757
rrsC-gltU-rrlC-rrfC	b3756
ybdF	b0579
alsRBACE	b4085
alsRBACE	b4086
alsRBACE	b4087
alsRBACE	b4088
alsRBACE	b4089
pgi	b4025
wzbc	b2062
wzbc	b2060
wzbc	b2061
proL	b2189
glmY	b4441
galR	b2837
cstA	b0598
valVW	b1665
valVW	b1666
ybdG	b0577
yfdGHI	b2352
yfdGHI	b2351
yfdGHI	b2350
crr	b2417
ygeG	b2851
valS	b4258
hflD-purB	b1131
hflD-purB	b1132
insE5EF5F5	b2089
insE5EF5F5	b2088
insE5EF5F5	""
psiE	b4030
yfhA	b2554
pdeK	b3529
yfbU-hxpA	b2294
yfbU-hxpA	b2293
yjeT	b4176
carAB	b0032
carAB	b0033
yneJ	b1526
leuV	b4368
rhtB	b3824
dinB-yafNOP	b0234
dinB-yafNOP	b0233
dinB-yafNOP	b0232
dinB-yafNOP	b0231
rnlB	b2631
ribA	b1277
hcaT	b2536
grxB	b1064
rsmC	b4371
secE-nusG	b3981
secE-nusG	b3982
ftsZ	b0095
gadY	b4452
mntH	b2392
dcuA	b4138
iraD	b4721
iraD	b4720
eno	b2779
htrG-cca	b3056
htrG-cca	b3055
lgt-thyA	b2827
lgt-thyA	b2828
ridA	b4243
yheO-tusDCB	b3343
yheO-tusDCB	b3344
yheO-tusDCB	b3345
yheO-tusDCB	b3346
ybiB	b0800
ycaD	b0898
yhjH	b3525
mgsA	b0963
yjbEFGH	b4029
yjbEFGH	b4028
yjbEFGH	b4027
yjbEFGH	b4026
ytfB	b4206
hepA	b0059
ydhR	b1667
tldE	b4235
entH	b0597
rplY terminator // rplVp // rplY	b2185
mnmG-rsmG	b3741
mnmG-rsmG	b3740
yigGF	b3818
yigGF	b3817
accBC	b3256
accBC	b3255
ypjA	b2647
ybiP	b0815
ubiUV	b3159
ubiUV	b3158
pmrD	b2259
eaeH-insE1EF1F1	b0299
eaeH-insE1EF1F1	b0298
eaeH-insE1EF1F1	""
eaeH-insE1EF1F1	b0297
treA	b1197
alkB	b2212
ydhB	b1659
rttR	b4425
glgCAP	b3428
glgCAP	b3429
glgCAP	b3430
ybhP-clsB-ybhN	b0790
ybhP-clsB-ybhN	b0789
ybhP-clsB-ybhN	b0788
ybfQ	b4514
emrRAB	b2684
emrRAB	b2685
emrRAB	b2686
araC	b0064
ratA-yfjF	b2619
ratA-yfjF	b2618
sdsR	b4433
mutY-yggX-mltC-nupG	b2964
mutY-yggX-mltC-nupG	b2963
mutY-yggX-mltC-nupG	b2962
mutY-yggX-mltC-nupG	b2961
istR-1	b4616
flxA	b1566
topAI-yjhQ	b4566
topAI-yjhQ	b4307
pflA	b0902
ansP	b1453
nohD	b0560
ahpCF	b0606
ahpCF	b0605
hchA	b1967
rplL	b3986
yafS	b0213
araE	b2841
ompR-envZ	b3404
ompR-envZ	b3405
prmB-aroC-mepA-yfcA-epmC-yfcL	b2330
prmB-aroC-mepA-yfcA-epmC-yfcL	b2329
prmB-aroC-mepA-yfcA-epmC-yfcL	b2328
prmB-aroC-mepA-yfcA-epmC-yfcL	b2327
prmB-aroC-mepA-yfcA-epmC-yfcL	b2326
prmB-aroC-mepA-yfcA-epmC-yfcL	b2325
xseA	b2509
cspH	b0989
fadBA	b3845
fadBA	b3846
creD	b4400
ypeC	b2390
panE-yajL	b0425
panE-yajL	b0424
prfC	b4375
ghrB	b3553
suhB	b2533
aroD	b1693
purC	b2476
yddE	b1464
yiiM	b3910
yqeB	b2875
asnT	b1977
ygiQ	b4469
yghQ	b2983
arpA	b4017
yffL	b2443
yfdPQ	b2360
yfdPQ	b2359
nuoABCEFGHIJKLMN	b2276
nuoABCEFGHIJKLMN	b2277
nuoABCEFGHIJKLMN	b2278
nuoABCEFGHIJKLMN	b2279
nuoABCEFGHIJKLMN	b2280
nuoABCEFGHIJKLMN	b2281
nuoABCEFGHIJKLMN	b2282
nuoABCEFGHIJKLMN	b2283
nuoABCEFGHIJKLMN	b2284
nuoABCEFGHIJKLMN	b2285
nuoABCEFGHIJKLMN	b2286
nuoABCEFGHIJKLMN	b2287
nuoABCEFGHIJKLMN	b2288
uhpT	b3666
glpR	b3423
rimJ	b1066
yaaW	b0011
yhjV	b3539
lgoT	b4356
appA	b0980
yedL	b1932
asr	b1597
yafDE	b0210
yafDE	b0209
hofQ	b3391
yjcF	b4066
gstB	b0838
yqeC	b2876
yohC	b2135
rluF	b4022
yahB	b0316
yrhB	b3446
plaP	b2014
polA	b3863
cysH	b2762
yeiP	b2171
ampH	b0376
alaC	b2379
trmC	b2324
mglBAC	b2148
mglBAC	b2149
mglBAC	b2150
ybaV	b0442
metG	b2114
cysS	b0526
yfcC	b2298
cirA	b2155
gadBC	b1492
gadBC	b1493
yieG	b3714
narXL	b1221
narXL	b1222
ascFB	b2715
ascFB	b2716
adk	b0474
ybjG	b0841
fadIJ	b2341
fadIJ	b2342
cdd	b2143
sohA-yhaV	b3130
sohA-yhaV	b3129
ydeNM	b1497
ydeNM	b1498
mutY-yggX	b2962
mutY-yggX	b2961
rclBC	b0303
rclBC	b0301
nimT	b1791
ompA	b0957
ndk	b2518
araJ	b0396
rnlAB	b2631
rnlAB	b2630
yccE	b1001
sohB	b1272
uxuAB	b4323
uxuAB	b4322
chaBC	b1217
chaBC	b1218
yncJ	b1436
yaiT	b4580
ygfB-pepP-ubiHI	b2909
ygfB-pepP-ubiHI	b2908
ygfB-pepP-ubiHI	b2907
ygfB-pepP-ubiHI	b2906
yebQ	b1828
oppA	b1243
ecnAB	b4411
ecnAB	b4410
rlmG	b3084
relA-mazEF	b2782
relA-mazEF	b2783
relA-mazEF	b2784
pepQ-yigZ-trkH-hemG	b3850
pepQ-yigZ-trkH-hemG	b3849
pepQ-yigZ-trkH-hemG	b3848
pepQ-yigZ-trkH-hemG	b3847
ribE-nusB-thiL-pgpA	b0418
ribE-nusB-thiL-pgpA	b0417
ribE-nusB-thiL-pgpA	b0416
ribE-nusB-thiL-pgpA	b0415
ygiS	b3020
insH-9	b2982
glf-rfc	b2035
glf-rfc	b2036
trpR	b4393
yicR-rpmBG-mutM	b3635
yicR-rpmBG-mutM	b3636
yicR-rpmBG-mutM	b3637
yicR-rpmBG-mutM	b3638
ycjG	b1325
rlhA	b1435
yafL	b0227
fucAO	b2799
fucAO	b2800
yciZT	b4596
yciZT	b1284
yggI	b2944
gapA	b1779
yajD	b0410
tdcR	b3119
ychE	b1242
yecF	b1915
narU	b1469
recN	b2616
yecR	b1904
fadR	b1187
yjeV	b4670
trpt	b3761
baeSR	b2078
baeSR	b2079
hyfABCDEFGHIJR-focB	b2492
hyfABCDEFGHIJR-focB	b2491
hyfABCDEFGHIJR-focB	b2490
hyfABCDEFGHIJR-focB	b2489
hyfABCDEFGHIJR-focB	b2488
hyfABCDEFGHIJR-focB	b2487
hyfABCDEFGHIJR-focB	b2486
hyfABCDEFGHIJR-focB	b2485
hyfABCDEFGHIJR-focB	b2484
hyfABCDEFGHIJR-focB	b2483
hyfABCDEFGHIJR-focB	b2482
hyfABCDEFGHIJR-focB	b2481
slp-dctR	b3507
slp-dctR	b3506
yiaB	b3563
fbaB	b2097
mgtS	b4599
ybhH	b0769
sodC	b1646
rnb	b1286
talB	b0008
nhaAR	b0020
nhaAR	b0019
srlR	b2707
mmuPM	b0261
mmuPM	b0260
ispB	b3187
ydaM	b1341
ascG	b2714
yidZ	b3711
ycaL	b0909
yedN	b4495
ileS-lspA-fkpB-ispH	b0029
ileS-lspA-fkpB-ispH	b0028
ileS-lspA-fkpB-ispH	b0027
ileS-lspA-fkpB-ispH	b0026
bsmA	b4189
ybbN	b0492
exuT	b3093
argS	b1876
yeaE	b1781
yiaU	b3585
yhjE	b3523
tnaAB	b3709
tnaAB	b3708
yqfE	b2915
yegRZ	b2083
yegRZ	b2085
carB	b0033
tar-tap-cheRBYZ	b1881
tar-tap-cheRBYZ	b1882
tar-tap-cheRBYZ	b1883
tar-tap-cheRBYZ	b1884
tar-tap-cheRBYZ	b1885
tar-tap-cheRBYZ	b1886
galETK	b0757
galETK	b0758
galETK	b0759
lpp	b1677
rpiA	b2914
ybdK	b0581
ydbK-ompN	b1377
ydbK-ompN	b1378
infC-rpmI-rplT	b1716
infC-rpmI-rplT	b1717
infC-rpmI-rplT	b1718
fimE	b4313
uvrB	b0779
yhjY	b3548
iraP	b0382
gspCDEFGHIJKLMO	b3335
gspCDEFGHIJKLMO	b3334
gspCDEFGHIJKLMO	b3333
gspCDEFGHIJKLMO	b3332
gspCDEFGHIJKLMO	b3331
gspCDEFGHIJKLMO	b3330
gspCDEFGHIJKLMO	b3329
gspCDEFGHIJKLMO	b3328
gspCDEFGHIJKLMO	b3327
gspCDEFGHIJKLMO	b3326
gspCDEFGHIJKLMO	b3325
gspCDEFGHIJKLMO	b3324
rsgA	b4161
ydeI	b1536
nuoMN	b2276
nuoMN	b2277
rcsF-trmO	b0196
rcsF-trmO	b0195
ppdAB-ygdB-ppdC-recC	b2826
ppdAB-ygdB-ppdC-recC	b2825
ppdAB-ygdB-ppdC-recC	b2824
ppdAB-ygdB-ppdC-recC	b2823
ppdAB-ygdB-ppdC-recC	b2822
ebgAC	b3076
ebgAC	b3077
yhdH	b3253
cyoABCDE	b0428
cyoABCDE	b0429
cyoABCDE	b0430
cyoABCDE	b0431
cyoABCDE	b0432
aphA	b4055
tsx	b0411
fucPIKUR	b2801
fucPIKUR	b2802
fucPIKUR	b2803
fucPIKUR	b2804
fucPIKUR	b2805
ybgS	b0753
yqhA	b3002
marRAB	b1530
marRAB	b1531
marRAB	b1532
ftsAZ	b0095
ftsAZ	b0094
rrsH-ileV-alaV-rrlH-rrfH	b0205
rrsH-ileV-alaV-rrlH-rrfH	b0204
rrsH-ileV-alaV-rrlH-rrfH	b0203
rrsH-ileV-alaV-rrlH-rrfH	b0202
rrsH-ileV-alaV-rrlH-rrfH	b0201
ftsK	b0890
yjhD	b4281
rnlA	b2630
nemRA-gloA	b1651
nemRA-gloA	b1650
nemRA-gloA	b1649
yccU	b0965
deoABD	b4384
deoABD	b4383
deoABD	b4382
gpp	b3779
nrfABCDEFG	b4070
nrfABCDEFG	b4071
nrfABCDEFG	b4072
nrfABCDEFG	b4073
nrfABCDEFG	b4074
nrfABCDEFG	b4075
nrfABCDEFG	b4076
ymgF	b4520
ilvA	b3772
glnHPQ	b0809
glnHPQ	b0810
glnHPQ	b0811
yqiJK	b3051
yqiJK	b3050
hdeD	b3511
yqjF	b3101
ycdXY	b1035
ycdXY	b1034
cpxRA	b3911
cpxRA	b3912
nagC	b0676
ydcR	b1439
pssA	b2585
hrpB	b0148
mngB	b0732
sanA-yeiS	b2145
sanA-yeiS	b2144
fxsA	b4140
yihA	b3865
ybcI	b0527
yneK	b1527
ydeQ	b1502
asnA	b3744
basRS	b4112
basRS	b4113
serW	b0883
entCEBA-ybdB	b0593
entCEBA-ybdB	b0594
entCEBA-ybdB	b0595
entCEBA-ybdB	b0596
entCEBA-ybdB	b0597
manXYZ	b1817
manXYZ	b1818
manXYZ	b1819
ppdD-hofBC	b0108
ppdD-hofBC	b0107
ppdD-hofBC	b0106
flu	b2000
dsrA	b1954
rpoS	b2741
yeaL	b1789
dcm-vsr	b1960
dcm-vsr	b1961
yqgC	b2940
plsX-fabHDG	b1093
plsX-fabHDG	b1092
plsX-fabHDG	b1091
plsX-fabHDG	b1090
bax	b3570
thrS-infC	b1718
thrS-infC	b1719
uhpB	b3668
yfgO	b2493
uvrA	b4058
lysZ	b0748
dmlA	b1800
insA1B1AB1	b0022
insA1B1AB1	b0021
insA1B1AB1	""
rpnD	b4584
yeeN	b1983
sdsN	b4719
dsbGp // dsbG	b0604
glnQ	b0809
apaGH	b0049
apaGH	b0050
aspT	b3760
tam	b1519
ybhI	b0770
rlmD	b2785
gcvP	b2903
ybhB	b0773
fumC	b1611
ymgA-ariR	b1166
ymgA-ariR	b1165
yfGM	b2513
ynaA-lomR	b4570
ynaA-lomR	b1368
rssB	b1235
yhaH	b3103
ycbZ	b0955
dsdXA	b2365
dsdXA	b2366
ygeF	b2850
can	b0126
caiCDE	b0035
caiCDE	b0036
caiCDE	b0037
rph	b3643
yiaA	b3562
glgS	b3049
fucO	b2799
yjjZ	b4567
uxaCA	b3091
uxaCA	b3092
ydiNB-aroD	b1693
ydiNB-aroD	b1692
ydiNB-aroD	b1691
yohJK	b2142
yohJK	b2141
mqo	b2210
yghJ	b4466
ebgR	b3075
motRAB-cheAW	b4828
motRAB-cheAW	b1887
motRAB-cheAW	b1888
motRAB-cheAW	b1889
motRAB-cheAW	b1890
cadBA	b4131
cadBA	b4132
ygeLK	b2856
ygeLK	b2855
ygeR	b2865
opgD	b1424
fadE	b0221
istR-2	b4616
mdh	b3236
pepA	b4260
ybeF	b0629
torR	b0995
paoABCD	b0286
paoABCD	b0285
paoABCD	b0284
paoABCD	b0283
yoaF	b1793
allB	b0512
atpIBEFHAGDC	b3731
atpIBEFHAGDC	b3732
atpIBEFHAGDC	b3733
atpIBEFHAGDC	b3734
atpIBEFHAGDC	b3735
atpIBEFHAGDC	b3736
atpIBEFHAGDC	b3737
atpIBEFHAGDC	b3738
atpIBEFHAGDC	b3739
dtpD	b0709
yghG	b2971
tig	b0436
stfE-tfaE	b1157
stfE-tfaE	b1156
sfmHF	b0534
sfmHF	b0533
ydcJ	b1423
aaeR	b3243
paaABCDEFGHIJK	b1398
paaABCDEFGHIJK	b1397
paaABCDEFGHIJK	b1396
paaABCDEFGHIJK	b1395
paaABCDEFGHIJK	b1394
paaABCDEFGHIJK	b1393
paaABCDEFGHIJK	b1392
paaABCDEFGHIJK	b1391
paaABCDEFGHIJK	b1390
paaABCDEFGHIJK	b1389
paaABCDEFGHIJK	b1388
ygjP	b3085
fnrS	b4699
alr	b4053
rcsA	b1951
pyrG-eno	b2779
pyrG-eno	b2780
potFGHI	b0857
potFGHI	b0856
potFGHI	b0855
potFGHI	b0854
yhbQ	b3155
rpsU-dnaG-rpoD	b3065
rpsU-dnaG-rpoD	b3066
rpsU-dnaG-rpoD	b3067
hokA	b4455
yghSR	b2985
yghSR	b2984
chiZPQ	b4808
chiZPQ	b0682
chiZPQ	b0681
yqjA-mzrA	b3096
yqjA-mzrA	b3095
yehS	b2124
creABC	b4399
creABC	b4398
creABC	b4397
yjcO	b4078
glmUS	b3729
glmUS	b3730
recA	b2699
yccA	b0970
btuE	b1710
ompF	b0929
ydgH	b1604
yedD	b1928
ypfM	b4606
dpiBA	b0620
dpiBA	b0619
recAX	b2698
recAX	b2699
yniB	b1726
rpoH	b3461
rbn	b2268
ymjA	b1295
yihUTS	b3880
yihUTS	b3881
yihUTS	b3882
hydN-hypF	b2712
hydN-hypF	b2713
ybcY	b0562
rclABC	b0301
rclABC	b0303
rclABC	b0304
ygeQ	b2863
cecR-ybhGFSR	b0796
cecR-ybhGFSR	b0795
cecR-ybhGFSR	b0794
cecR-ybhGFSR	b0793
cecR-ybhGFSR	b0792
rcsC	b2218
hinT-ycfL-lpoB-thiK-nagZ-ycfP	b1108
hinT-ycfL-lpoB-thiK-nagZ-ycfP	b1107
hinT-ycfL-lpoB-thiK-nagZ-ycfP	b1106
hinT-ycfL-lpoB-thiK-nagZ-ycfP	b1105
hinT-ycfL-lpoB-thiK-nagZ-ycfP	b1104
hinT-ycfL-lpoB-thiK-nagZ-ycfP	b1103
ynaE	b1375
dosCP	b1489
dosCP	b1490
nfeF	b3070
nemRA	b1650
nemRA	b1649
nupC	b2393
ygiM	b3055
yraN	b3148
metT-leuW-glnUW-metU-glnVX	b0664
metT-leuW-glnUW-metU-glnVX	b0665
metT-leuW-glnUW-metU-glnVX	b0666
metT-leuW-glnUW-metU-glnVX	b0668
metT-leuW-glnUW-metU-glnVX	b0670
metT-leuW-glnUW-metU-glnVX	b0672
metT-leuW-glnUW-metU-glnVX	b0673
ypjD	b2611
murQP	b2429
murQP	b2428
insH-1	b0259
sibB	b4437
yihXY-dtd-fabY	b3888
yihXY-dtd-fabY	b3887
yihXY-dtd-fabY	b3886
yihXY-dtd-fabY	b3885
yhfZY	b3383
yhfZY	b3382
lptAB	b3201
lptAB	b3200
yoaB	b1809
mdtK	b1663
isrC-flu	b4435
isrC-flu	b2000
panD	b0131
sokB	b4429
glrR-glnB	b2553
glrR-glnB	b2554
lhr	b1653
glsA-ybaT	b0486
glsA-ybaT	b0485
ybiX	b0804
ybaB-recR	b0472
ybaB-recR	b0471
valUXY-lysV	b2401
valUXY-lysV	b2402
valUXY-lysV	b2403
valUXY-lysV	b2404
ldrA	b4419
tpiA	b3919
dnaTC-yjjA	b4360
dnaTC-yjjA	b4361
dnaTC-yjjA	b4362
rpoZ-spoT-trmH-recG	b3649
rpoZ-spoT-trmH-recG	b3650
rpoZ-spoT-trmH-recG	b3651
rpoZ-spoT-trmH-recG	b3652
uspE	b1333
argE	b3957
aer	b3072
insA-7	b4294
rlmE-ftsH	b3178
rlmE-ftsH	b3179
glvCBG-ysdC	b3683
glvCBG-ysdC	b3682
glvCBG-ysdC	b4556
galF	b2042
ygjQ	b3086
yacG	b0101
trpLEDCBA	b1260
trpLEDCBA	b1261
trpLEDCBA	b1262
trpLEDCBA	b1263
trpLEDCBA	b1264
trpLEDCBA	b1265
yciT	b1284
allA	b0505
serB	b4388
yidA	b3697
yafF	b4503
wrbA-yccJ	b1004
wrbA-yccJ	b1003
yfbV	b2295
bglGFB	b3721
bglGFB	b3722
bglGFB	b3723
yqeIJ	b2848
yqeIJ	b2847
zapE	b3232
fbp	b4232
gadXW	b3515
gadXW	b3516
gcvR	b2479
fhuF	b4367
yodD	b1953
ycdT	b1025
yecDE	b1868
yecDE	b1867
cyaA	b3806
acpP-fabF	b1095
acpP-fabF	b1094
ygdD	b2807
yjjB-dnaTC	b4361
yjjB-dnaTC	b4362
yjjB-dnaTC	b4363
prkB	b3355
dgcZ	b1535
leuS-lptE-holA-nadD-cobC	b0642
leuS-lptE-holA-nadD-cobC	b0641
leuS-lptE-holA-nadD-cobC	b0640
leuS-lptE-holA-nadD-cobC	b0639
leuS-lptE-holA-nadD-cobC	b0638
ybhM	b0787
patA	b3073
wcaCDEF-gmd-fcl-gmm-wcaI-cpsBG-wcaJ-wzxC	b2057
wcaCDEF-gmd-fcl-gmm-wcaI-cpsBG-wcaJ-wzxC	b2056
wcaCDEF-gmd-fcl-gmm-wcaI-cpsBG-wcaJ-wzxC	b2055
wcaCDEF-gmd-fcl-gmm-wcaI-cpsBG-wcaJ-wzxC	b2054
wcaCDEF-gmd-fcl-gmm-wcaI-cpsBG-wcaJ-wzxC	b2053
wcaCDEF-gmd-fcl-gmm-wcaI-cpsBG-wcaJ-wzxC	b2052
wcaCDEF-gmd-fcl-gmm-wcaI-cpsBG-wcaJ-wzxC	b2051
wcaCDEF-gmd-fcl-gmm-wcaI-cpsBG-wcaJ-wzxC	b2050
wcaCDEF-gmd-fcl-gmm-wcaI-cpsBG-wcaJ-wzxC	b2049
wcaCDEF-gmd-fcl-gmm-wcaI-cpsBG-wcaJ-wzxC	b2048
wcaCDEF-gmd-fcl-gmm-wcaI-cpsBG-wcaJ-wzxC	b2047
wcaCDEF-gmd-fcl-gmm-wcaI-cpsBG-wcaJ-wzxC	b2046
fabI	b1288
pitA	b3493
ybeM	b4581
fadM	b0443
ynfK	b1593
hokE	b4415
tapT-patZ	b2584
tapT-patZ	b2583
yncH	b1455
talA-tktB	b2465
talA-tktB	b2464
bhsA	b1112
metH	b4019
lpxM	b1855
lpxD	b0179
brnQ-proY	b0402
brnQ-proY	b0401
cysK	b2414
torCAD	b0996
torCAD	b0997
torCAD	b0998
ycaP	b0906
dgcQ	b1956
rnhA	b0214
yceA	b1055
ygcG	b2778
putA	b1014
tcdA	b2812
rnc-era-recO-pdxJ-acpS	b2563
rnc-era-recO-pdxJ-acpS	b2564
rnc-era-recO-pdxJ-acpS	b2565
rnc-era-recO-pdxJ-acpS	b2566
rnc-era-recO-pdxJ-acpS	b2567
potABCD	b1123
potABCD	b1124
potABCD	b1125
potABCD	b1126
ybhQ	b0791
ycfJ	b1110
rfaDFCL	b3622
rfaDFCL	b3621
rfaDFCL	b3620
rfaDFCL	b3619
uspG	b0607
atoSC	b2220
atoSC	b2219
yigI	b3820
lysC	b4024
yfeH	b2410
pqiABC	b0952
pqiABC	b0951
pqiABC	b0950
umpG-pcm	b2743
umpG-pcm	b2744
pinQ	b1545
gyrB	b3699
sdhCDAB	b0724
sdhCDAB	b0723
sdhCDAB	b0722
sdhCDAB	b0721
yeaY	b1806
yifN	b3777
hyaABCDEF	b0972
hyaABCDEF	b0973
hyaABCDEF	b0974
hyaABCDEF	b0975
hyaABCDEF	b0976
hyaABCDEF	b0977
appY	b0564
degQ	b3234
yeaK	b1787
adrA	b0385
fumA	b1612
luxS	b2687
trhP	b2081
gadEF	b4718
gadEF	b3512
ybdO	b0603
bioA	b0774
nadC	b0109
rpoN-hpf-ptsN-yhbJ-npr	b3202
rpoN-hpf-ptsN-yhbJ-npr	b3203
rpoN-hpf-ptsN-yhbJ-npr	b3204
rpoN-hpf-ptsN-yhbJ-npr	b3205
rpoN-hpf-ptsN-yhbJ-npr	b3206
racC	b1351
ydfI	b1542
serU	b1975
csgBAC	b1043
csgBAC	b1041
csgBAC	b1042
yagK	b0277
frc	b2374
metZWV	b2814
metZWV	b2815
metZWV	b2816
sgrST-setA	b4662
sgrST-setA	b0070
sgrST-setA	b4577
yadC	b0135
katG	b3942
galETKM	b0756
galETKM	b0757
galETKM	b0758
galETKM	b0759
htpG	b0473
ubiEJB	b3835
ubiEJB	b3834
ubiEJB	b3833
codBA	b0336
codBA	b0337
essD-ybcS-rzpD	b0556
essD-ybcS-rzpD	b0555
essD-ybcS-rzpD	b0554
entS	b0591
pncB	b0931
bipA	b3871
ydiJ-menI-ydiH	b1687
ydiJ-menI-ydiH	b1686
ydiJ-menI-ydiH	b1685
fepA-entD	b0583
fepA-entD	b0584
rrsD-ileU-alaU-rrlD-rrfD-thrV-rrfF	b3272
rrsD-ileU-alaU-rrlD-rrfD-thrV-rrfF	b3273
rrsD-ileU-alaU-rrlD-rrfD-thrV-rrfF	b3274
rrsD-ileU-alaU-rrlD-rrfD-thrV-rrfF	b3275
rrsD-ileU-alaU-rrlD-rrfD-thrV-rrfF	b3276
rrsD-ileU-alaU-rrlD-rrfD-thrV-rrfF	b3277
rrsD-ileU-alaU-rrlD-rrfD-thrV-rrfF	b3278
argI	b4254
sfmA	b0530
arrS	b4704
ymfED	b1138
ymfED	b1137
ytfL	b4218
ompT	b0565
hcaEFCBD	b2542
hcaEFCBD	b2541
hcaEFCBD	b2540
hcaEFCBD	b2539
hcaEFCBD	b2538
fliAZY	b1920
fliAZY	b1921
fliAZY	b1922
yegI	b2070
ampC	b4150
icd	b1136
nudF-yqiB-cpdA-yqiA-parE	b3034
nudF-yqiB-cpdA-yqiA-parE	b3033
nudF-yqiB-cpdA-yqiA-parE	b3032
nudF-yqiB-cpdA-yqiA-parE	b3031
nudF-yqiB-cpdA-yqiA-parE	b3030
thiI	b0423
ompG	b1319
ynfM	b1596
norVW	b2711
norVW	b2710
rpmE	b3936
tufA	b3339
ygjR	b3087
ygdG	b2798
yhhI	b3484
rnc-era	b2566
rnc-era	b2567
menFD-yfbB-menBCE	b2260
menFD-yfbB-menBCE	b2261
menFD-yfbB-menBCE	b2262
menFD-yfbB-menBCE	b2263
menFD-yfbB-menBCE	b2264
menFD-yfbB-menBCE	b2265
intA	b2622
nrdR-ribDE-nusB-thiL-pgpA	b0418
nrdR-ribDE-nusB-thiL-pgpA	b0417
nrdR-ribDE-nusB-thiL-pgpA	b0416
nrdR-ribDE-nusB-thiL-pgpA	b0415
nrdR-ribDE-nusB-thiL-pgpA	b0414
nrdR-ribDE-nusB-thiL-pgpA	b0413
ybiN	b0807
nhoA	b1463
yhgF	b3407
yfjXY-ypjJ-yfjZ-ypjF	b2646
yfjXY-ypjJ-yfjZ-ypjF	b2645
yfjXY-ypjJ-yfjZ-ypjF	b4548
yfjXY-ypjJ-yfjZ-ypjF	b2644
yfjXY-ypjJ-yfjZ-ypjF	b2643
hisLGDCBHAFI	b2018
hisLGDCBHAFI	b2019
hisLGDCBHAFI	b2020
hisLGDCBHAFI	b2021
hisLGDCBHAFI	b2022
hisLGDCBHAFI	b2023
hisLGDCBHAFI	b2024
hisLGDCBHAFI	b2025
hisLGDCBHAFI	b2026
ves	b1742
yfaH	b2238
yegS	b2086
yaeP-rof	b4406
yaeP-rof	b0189
yobD	b1820
ydiK	b1688
phoQ	b1129
yqeK	b2849
yefM-yoeB	b2017
yefM-yoeB	b4539
ytjB-lplA	b4386
ytjB-lplA	b4387
yqgA	b2966
yodB	b1974
gspAB	b3322
gspAB	b3323
ygcW	b2774
degQS	b3235
degQS	b3234
mqsA	b3021
dinG-ybiB	b0800
dinG-ybiB	b0799
narQ	b2469
glgAP	b3428
glgAP	b3429
kduI	b2843
fecABCDE	b4287
fecABCDE	b4288
fecABCDE	b4289
fecABCDE	b4290
fecABCDE	b4291
acrR	b0464
mviM	b1068
phr	b0708
cas3	b2761
infB	b3168
cspG	b0990
yciGFE	b1257
yciGFE	b1258
yciGFE	b1259
insJ	b3557
clpX-lon	b0439
clpX-lon	b0438
appCBA-yccB	b4592
appCBA-yccB	b0978
appCBA-yccB	b0979
appCBA-yccB	b0980
asnC-mioC	b3742
asnC-mioC	b3743
nusA-infB	b3168
nusA-infB	b3169
yadGH	b0128
yadGH	b0127
flhBAE	b1878
flhBAE	b1879
flhBAE	b1880
treR	b4241
nmpC	b0553
sapABCDF	b1294
sapABCDF	b1293
sapABCDF	b1292
sapABCDF	b1291
sapABCDF	b1290
dadAX	b1190
dadAX	b1189
crcB	b0624
yeaM	b1790
gdhA	b1761
dcd	b2065
yoaI	b1788
yicL	b3660
dcuR	b4124
rfe-wzzE-wecBC-rffGHC-wecE-wzxE-wecF-wzyE-rffM	b3794
rfe-wzzE-wecBC-rffGHC-wecE-wzxE-wecF-wzyE-rffM	b3793
rfe-wzzE-wecBC-rffGHC-wecE-wzxE-wecF-wzyE-rffM	b4481
rfe-wzzE-wecBC-rffGHC-wecE-wzxE-wecF-wzyE-rffM	b3792
rfe-wzzE-wecBC-rffGHC-wecE-wzxE-wecF-wzyE-rffM	b3791
rfe-wzzE-wecBC-rffGHC-wecE-wzxE-wecF-wzyE-rffM	b3790
rfe-wzzE-wecBC-rffGHC-wecE-wzxE-wecF-wzyE-rffM	b3789
rfe-wzzE-wecBC-rffGHC-wecE-wzxE-wecF-wzyE-rffM	b3788
rfe-wzzE-wecBC-rffGHC-wecE-wzxE-wecF-wzyE-rffM	b3787
rfe-wzzE-wecBC-rffGHC-wecE-wzxE-wecF-wzyE-rffM	b3786
rfe-wzzE-wecBC-rffGHC-wecE-wzxE-wecF-wzyE-rffM	b3785
rfe-wzzE-wecBC-rffGHC-wecE-wzxE-wecF-wzyE-rffM	b3784
bglA	b2901
fhuACDB	b0153
fhuACDB	b0152
fhuACDB	b0151
fhuACDB	b0150
bcsQ	b3534
ttcA	b1344
murR	b2427
ftsQ	b0093
htgA	b0012
arpB	b4494
eutNEJG	b2456
eutNEJG	b2455
eutNEJG	b2454
eutNEJG	b2453
yccT	b0964
srlAEBD-gutM-srlR-gutQ	b2702
srlAEBD-gutM-srlR-gutQ	b2703
srlAEBD-gutM-srlR-gutQ	b2704
srlAEBD-gutM-srlR-gutQ	b2705
srlAEBD-gutM-srlR-gutQ	b2706
srlAEBD-gutM-srlR-gutQ	b2707
srlAEBD-gutM-srlR-gutQ	b2708
yagEF	b0269
yagEF	b0268
insH-7	b2030
exbD	b3005
ligA-ypeB	b2411
ligA-ypeB	b4546
treBC	b4239
treBC	b4240
slt	b4392
yidQ	b3688
ldtB	b0819
fumB	b4122
ecnB	b4411
yedEF	b1930
yedEF	b1929
bisC	b3551
lpxT	b2174
hemL	b0154
yneE	b1520
igaA	b3398
yjjUV	b4378
yjjUV	b4377
ftnA	b1905
yebF	b1847
nikABCDER	b3480
nikABCDER	b3481
nikABCDER	b3479
nikABCDER	b3478
nikABCDER	b3477
nikABCDER	b3476
ygiW	b3024
aldA	b1415
ybcV	b0558
yrbG-kdsD	b3197
yrbG-kdsD	b3196
garR	b3125
cdsA	b0175
ygaQ	b4462
yieP-hsrA	b3755
yieP-hsrA	b3754
idnR	b4264
pdhR-aceEF-lpdA	b0113
pdhR-aceEF-lpdA	b0114
pdhR-aceEF-lpdA	b0115
pdhR-aceEF-lpdA	b0116
ybeL	b0643
fimZ	b0535
queC	b0444
yjiK	b4333
fiu	b0805
yhdV	b3267
fdrA-ylbEF-ybcF	b0521
fdrA-ylbEF-ybcF	b0520
fdrA-ylbEF-ybcF	b4572
fdrA-ylbEF-ybcF	b0518
ygeA	b2840
epmB	b4146
yneO	b4696
yibIH	b3598
yibIH	b3597
yhhQ	b3471
tyrS-pdxY	b1636
tyrS-pdxY	b1637
yihN	b3874
rclR	b0305
ydiM	b1690
ycfT	b1115
ycgR	b1194
yagU	b0287
yegJ	b2071
yiiE	b3889
sraB	b4418
emrE	b0543
ycaN	b0900
mntR-ybiR	b0818
mntR-ybiR	b0817
nanY	b4280
yaiS	b0364
yedS	b4496
amiC	b2817
ydgA	b1614
rpmBG	b3636
rpmBG	b3637
yedP	b1955
ybaY	b0453
phoA-psiF	b0383
phoA-psiF	b0384
yrdA	b3279
ygiH	b3059
feaB	b1385
ycjXF	b1322
ycjXF	b1321
qseBC	b3026
qseBC	b3025
bamA-hlpA-lpxD-fabZ-lpxAB-rnhB-dnaE	b0184
bamA-hlpA-lpxD-fabZ-lpxAB-rnhB-dnaE	b0183
bamA-hlpA-lpxD-fabZ-lpxAB-rnhB-dnaE	b0182
bamA-hlpA-lpxD-fabZ-lpxAB-rnhB-dnaE	b0181
bamA-hlpA-lpxD-fabZ-lpxAB-rnhB-dnaE	b0180
bamA-hlpA-lpxD-fabZ-lpxAB-rnhB-dnaE	b0179
bamA-hlpA-lpxD-fabZ-lpxAB-rnhB-dnaE	b0178
bamA-hlpA-lpxD-fabZ-lpxAB-rnhB-dnaE	b0177
pdeL	b0315
yjbQR	b4057
yjbQR	b4056
glcDEFGBA	b2975
glcDEFGBA	b2976
glcDEFGBA	b2977
glcDEFGBA	b4467
glcDEFGBA	b4468
glcDEFGBA	b2979
yhcN	b3238
yjiXA	b4353
yjiXA	b4352
purHD	b4005
purHD	b4006
epd-pgk	b2926
epd-pgk	b2927
yeaP	b1794
kdsC-lptCAB	b3201
kdsC-lptCAB	b3200
kdsC-lptCAB	b3199
kdsC-lptCAB	b3198
ysaA	b3573
lysT-valT-lysW	b0743
lysT-valT-lysW	b0744
lysT-valT-lysW	b0745
pinH	b2648
smf	b4473
mlc	b1594
metE	b3829
insC1CD1D1	b0361
insC1CD1D1	b0360
insC1CD1D1	""
mutS	b2733
ymdA	b1044
intG	b1936
ackA	b2296
alaS	b2697
gnd	b2029
bamE	b2617
alaA-yfbR	b2291
alaA-yfbR	b2290
hypBCDE	b2727
hypBCDE	b2728
hypBCDE	b2729
hypBCDE	b2730
nemA	b1650
rsmB	b3289
fre	b3844
sbcB	b2011
yiiU	b3928
idnK	b4268
yiiX	b3937
yqcC-truC-yqcA	b2792
yqcC-truC-yqcA	b2791
yqcC-truC-yqcA	b2790
ydcK	b1428
glnAZ	b4836
glnAZ	b3870
yceD-rpmF	b1089
yceD-rpmF	b1088
elfDCG-ycbUVF	b0944
elfDCG-ycbUVF	b0943
elfDCG-ycbUVF	b0942
elfDCG-ycbUVF	b0941
elfDCG-ycbUVF	b0940
elfDCG-ycbUVF	b0939
dhaKLM	b1198
dhaKLM	b1199
dhaKLM	b1200
fsr	b0479
rseX	b4603
orn	b4162
dacD	b2010
ecpBCDE	b0289
ecpBCDE	b0290
ecpBCDE	b0291
ecpBCDE	b0292
ybiV	b0822
syd	b2793
agrA	b4712
ftsLI-murEF-mraY-murD-ftsW-murGC-ddlB-ftsQAZ-lpxC	b0096
ftsLI-murEF-mraY-murD-ftsW-murGC-ddlB-ftsQAZ-lpxC	b0095
ftsLI-murEF-mraY-murD-ftsW-murGC-ddlB-ftsQAZ-lpxC	b0094
ftsLI-murEF-mraY-murD-ftsW-murGC-ddlB-ftsQAZ-lpxC	b0093
ftsLI-murEF-mraY-murD-ftsW-murGC-ddlB-ftsQAZ-lpxC	b0092
ftsLI-murEF-mraY-murD-ftsW-murGC-ddlB-ftsQAZ-lpxC	b0091
ftsLI-murEF-mraY-murD-ftsW-murGC-ddlB-ftsQAZ-lpxC	b0090
ftsLI-murEF-mraY-murD-ftsW-murGC-ddlB-ftsQAZ-lpxC	b0089
ftsLI-murEF-mraY-murD-ftsW-murGC-ddlB-ftsQAZ-lpxC	b0088
ftsLI-murEF-mraY-murD-ftsW-murGC-ddlB-ftsQAZ-lpxC	b0087
ftsLI-murEF-mraY-murD-ftsW-murGC-ddlB-ftsQAZ-lpxC	b0086
ftsLI-murEF-mraY-murD-ftsW-murGC-ddlB-ftsQAZ-lpxC	b0085
ftsLI-murEF-mraY-murD-ftsW-murGC-ddlB-ftsQAZ-lpxC	b0084
ftsLI-murEF-mraY-murD-ftsW-murGC-ddlB-ftsQAZ-lpxC	b0083
insH-11	b3505
ykfBF-yafX-ykfGH-yafW-ykfI	b0245
ykfBF-yafX-ykfGH-yafW-ykfI	b0246
ykfBF-yafX-ykfGH-yafW-ykfI	b4504
ykfBF-yafX-ykfGH-yafW-ykfI	b0247
ykfBF-yafX-ykfGH-yafW-ykfI	b0248
ykfBF-yafX-ykfGH-yafW-ykfI	b0249
ykfBF-yafX-ykfGH-yafW-ykfI	b0250
dmsABC	b0896
dmsABC	b0895
dmsABC	b0894
yfjD	b4461
aroM	b0390
rsfS-rlmH-mrdAB-rlpA	b0637
rsfS-rlmH-mrdAB-rlpA	b0636
rsfS-rlmH-mrdAB-rlpA	b0635
rsfS-rlmH-mrdAB-rlpA	b0634
rsfS-rlmH-mrdAB-rlpA	b0633
yodC	b1957
ppiA	b3363
lysA	b2838
ydeP	b1501
insN-1p // insO1 // insI1 // insN	b0256
insN-1p // insO1 // insI1 // insN	b4587
katE	b1732
yhcF	b3219
rarD	b3819
pdxH-tyrS-pdxY	b1636
pdxH-tyrS-pdxY	b1637
pdxH-tyrS-pdxY	b1638
ppiB-lpxH	b0525
ppiB-lpxH	b0524
ilvIH	b0077
ilvIH	b0078
ybhL	b0786
prfB-lysS	b2890
prfB-lysS	b2891
yajC-secDF	b0409
yajC-secDF	b0408
yajC-secDF	b0407
rseABC	b2570
rseABC	b2571
rseABC	b2572
yjdIJ	b4127
yjdIJ	b4126
glyQS	b3559
glyQS	b3560
yjaZ	b3989
ivbL-ilvBN	b3670
ivbL-ilvBN	b3671
ivbL-ilvBN	b3672
stfR-tfaR	b1373
stfR-tfaR	b1372
yahK	b0325
ydaSTUVW-rzpR	b1362
ydaSTUVW-rzpR	b1361
ydaSTUVW-rzpR	b1360
ydaSTUVW-rzpR	b1359
ydaSTUVW-rzpR	b1358
ydaSTUVW-rzpR	b1357
yicR-rpmBG	b3636
yicR-rpmBG	b3637
yicR-rpmBG	b3638
yqaBA	b2690
yqaBA	b2689
mdtL	b3710
lit	b1139
ygiL	b3043
smtA-mukFEB	b0924
smtA-mukFEB	b0923
smtA-mukFEB	b0922
smtA-mukFEB	b0921
tpx	b1324
rapA-rluA	b0058
rapA-rluA	b0059
ykgL	b0295
alaA	b2290
dapB	b0031
cnu	b1625
miaB	b0661
yobF-cspC	b1824
yobF-cspC	b1823
yfdV	b2372
ybeD-lipB	b0630
ybeD-lipB	b0631
apt	b0469
pck	b3403
hprRS	b1969
hprRS	b1968
hmp	b2552
ybaK	b0481
folB	b3058
infC	b1718
ykfA-yafZ	b0253
ykfA-yafZ	b0252
ogrK	b2082
yfeO	b2389
hemCDXY	b3802
hemCDXY	b3803
hemCDXY	b3804
hemCDXY	b3805
mdtQ	b2139
stpA	b2669
tas	b2834
asnC-mioC-mnmG	b3741
asnC-mioC-mnmG	b3742
asnC-mioC-mnmG	b3743
yfjW	b2642
ldtC	b1113
cysZ	b2413
aroF-tyrA	b2600
aroF-tyrA	b2601
yjhA	b4311
ccmABCDEFGH	b2194
ccmABCDEFGH	b2195
ccmABCDEFGH	b2196
ccmABCDEFGH	b2197
ccmABCDEFGH	b2198
ccmABCDEFGH	b2199
ccmABCDEFGH	b2200
ccmABCDEFGH	b2201
ybgD	b0719
yghB	b3009
yraM	b3147
gss	b2988
serC-aroA	b0907
serC-aroA	b0908
yjcB	b4060
djlA	b0055
nanS	b4309
insH-5	b1370
secG	b3175
yohF	b2137
pdxK	b2418
ydhS	b1668
ryjB	b4624
sseA	b2521
glpQ	b2239
pgk-fbaA	b2925
pgk-fbaA	b2926
nhaR	b0020
yhbX	b3173
mreB	b3251
solA-yceO	b1059
solA-yceO	b1058
argF-xynR	b0272
argF-xynR	b0273
dcuSR	b4124
dcuSR	b4125
chaC	b1218
ysaB	b4553
mrcB	b0149
yhhS	b3473
lptB-rpoN-hpf-ptsN-yhbJ	b3205
lptB-rpoN-hpf-ptsN-yhbJ	b3204
lptB-rpoN-hpf-ptsN-yhbJ	b3203
lptB-rpoN-hpf-ptsN-yhbJ	b3202
lptB-rpoN-hpf-ptsN-yhbJ	b3201
ydiP	b1696
yjjY	b4402
rplM-rpsI	b3230
rplM-rpsI	b3231
lgt	b2828
ybjL	b0847
pyrC	b1062
rnpB	b3123
yjgM	b4256
tyrTV-tpr	b1229
tyrTV-tpr	b1230
tyrTV-tpr	b1231
yjcC	b4061
nrdHIEF	b2673
nrdHIEF	b2674
nrdHIEF	b2676
nrdHIEF	b2675
yidP	b3684
ynfC	b1585
fucR	b2805
gltA	b0720
ybfD	b0706
rmf	b0953
ygfM-xdhD	b2881
ygfM-xdhD	b2880
parC	b3019
ydgK-rsxABCDGE-nth	b1633
ydgK-rsxABCDGE-nth	b1632
ydgK-rsxABCDGE-nth	b1631
ydgK-rsxABCDGE-nth	b1630
ydgK-rsxABCDGE-nth	b1629
ydgK-rsxABCDGE-nth	b1628
ydgK-rsxABCDGE-nth	b1627
ydgK-rsxABCDGE-nth	b1626
dgcF	b1522
xerD	b2894
yddG	b1473
hupB	b0440
bioP	b3827
yciI	b1251
fepB	b0592
yohO	b4542
lysU	b4129
alsBACE	b4085
alsBACE	b4086
alsBACE	b4087
alsBACE	b4088
pstB-phoU	b3724
pstB-phoU	b3725
mraZW-ftsLI-murEF-mraY-murD-ftsW-murGC-ddlB-ftsQAZ-lpxC	b0096
mraZW-ftsLI-murEF-mraY-murD-ftsW-murGC-ddlB-ftsQAZ-lpxC	b0095
mraZW-ftsLI-murEF-mraY-murD-ftsW-murGC-ddlB-ftsQAZ-lpxC	b0094
mraZW-ftsLI-murEF-mraY-murD-ftsW-murGC-ddlB-ftsQAZ-lpxC	b0093
mraZW-ftsLI-murEF-mraY-murD-ftsW-murGC-ddlB-ftsQAZ-lpxC	b0092
mraZW-ftsLI-murEF-mraY-murD-ftsW-murGC-ddlB-ftsQAZ-lpxC	b0091
mraZW-ftsLI-murEF-mraY-murD-ftsW-murGC-ddlB-ftsQAZ-lpxC	b0090
mraZW-ftsLI-murEF-mraY-murD-ftsW-murGC-ddlB-ftsQAZ-lpxC	b0089
mraZW-ftsLI-murEF-mraY-murD-ftsW-murGC-ddlB-ftsQAZ-lpxC	b0088
mraZW-ftsLI-murEF-mraY-murD-ftsW-murGC-ddlB-ftsQAZ-lpxC	b0087
mraZW-ftsLI-murEF-mraY-murD-ftsW-murGC-ddlB-ftsQAZ-lpxC	b0086
mraZW-ftsLI-murEF-mraY-murD-ftsW-murGC-ddlB-ftsQAZ-lpxC	b0085
mraZW-ftsLI-murEF-mraY-murD-ftsW-murGC-ddlB-ftsQAZ-lpxC	b0084
mraZW-ftsLI-murEF-mraY-murD-ftsW-murGC-ddlB-ftsQAZ-lpxC	b0083
mraZW-ftsLI-murEF-mraY-murD-ftsW-murGC-ddlB-ftsQAZ-lpxC	b0082
mraZW-ftsLI-murEF-mraY-murD-ftsW-murGC-ddlB-ftsQAZ-lpxC	b0081
slyB	b1641
deoCABD	b4381
deoCABD	b4382
deoCABD	b4383
deoCABD	b4384
ybeX-lnt	b0658
ybeX-lnt	b0657
rcnB	b2107
fabZ	b0180
nrdDG	b4237
nrdDG	b4238
murQP-yfeW	b2430
murQP-yfeW	b2429
murQP-yfeW	b2428
malT	b3418
dapE-ypfN	b4547
dapE-ypfN	b2472
puuDRCBE	b1302
puuDRCBE	b1301
puuDRCBE	b1300
puuDRCBE	b1299
puuDRCBE	b1298
yjgD	b4255
mrcA	b3396
rpsA-ihfB	b0912
rpsA-ihfB	b0911
zntA	b3469
aspS	b1866
hokD	b1562
rrlE-rrfE	b4010
rrlE-rrfE	b4009
ybgQPO	b0718
ybgQPO	b0717
ybgQPO	b0716
intS	b2349
insC3D3CD3	b1997
insC3D3CD3	b1996
insC3D3CD3	""
yphH	b2550
nfsB	b0578
insE3EF3F3	b0541
insE3EF3F3	b0540
insE3EF3F3	""
ldrB	b4421
yfjJ	b2626
ygjJK	b3080
ygjJK	b3079
yhhW	b3439
hfq-hflXKC	b4175
hfq-hflXKC	b4174
hfq-hflXKC	b4173
hfq-hflXKC	b4172
idi	b2889
mntP	b1821
dut-slmA	b3641
dut-slmA	b3640
yegL-pphC	b2073
yegL-pphC	b2072
ygfZ	b2898
ynjE	b1757
glgBXCAP	b3428
glgBXCAP	b3429
glgBXCAP	b3430
glgBXCAP	b3431
glgBXCAP	b3432
pepN	b0932
tilS	b0188
yjaH	b4001
uspA	b3495
uppS-cdsA	b4809
uppS-cdsA	b0175
uppS-cdsA	b0174
deaD	b3162
fliDST	b1924
fliDST	b1925
fliDST	b1926
ybfOC	b0704
ybfOC	b0703
ruvAB	b1860
ruvAB	b1861
blc	b4149
ibsC	b4665
bdcA	b4249
intZ	b2442
allS	b0504
rrlA-rrfA	b3855
rrlA-rrfA	b3854
yjfIJ	b4182
yjfIJ	b4181
yeaO	b1792
slyA	b1642
dkgB	b0207
mutM	b3635
yaaI	b0013
yifE	b3764
ymgC	b1167
torS	b0993
yhiM	b3491
clpS	b0881
ydfABC	b1573
ydfABC	b1572
ydfABC	b1571
yggDC	b2928
yggDC	b2929
ynfEFGH-dmsD	b1591
ynfEFGH-dmsD	b1590
ynfEFGH-dmsD	b1589
ynfEFGH-dmsD	b1588
ynfEFGH-dmsD	b1587
holC-valS	b4258
holC-valS	b4259
yfaY	b2249
yfgJ	b2510
nadE	b1740
ohsC	b4608
dsbC-recJ-prfB	b2891
dsbC-recJ-prfB	b2892
dsbC-recJ-prfB	b2893
yaiL	b0354
yihD	b3858
ybaA	b0456
rpoD	b3067
thiCEFSGH	b4407
thiCEFSGH	b3990
thiCEFSGH	b3991
thiCEFSGH	b3992
thiCEFSGH	b3993
thiCEFSGH	b3994
sfmAC	b0531
sfmAC	b0530
borD	b0557
glcC	b2980
yeeA	b2008
lpxC	b0096
gatZABCD	b2094
gatZABCD	b2093
gatZABCD	b2092
gatZABCD	b2091
gatZABCD	b2095
hupA	b4000
gadC	b1492
msrA	b4219
yjhP	b4306
uof-fur	b4637
uof-fur	b0683
yeaVW	b1802
yeaVW	b1801
moeAB	b0826
moeAB	b0827
acrZ	b0762
rpsF-priB-rpsR-rplI	b4200
rpsF-priB-rpsR-rplI	b4201
rpsF-priB-rpsR-rplI	b4202
rpsF-priB-rpsR-rplI	b4203
proVWX	b2679
proVWX	b2678
proVWX	b2677
ldtA	b1990
mdtUJI	b4777
mdtUJI	b1600
mdtUJI	b1599
yeaR-yoaG	b1797
yeaR-yoaG	b1796
hemH	b0475
nhaB	b1186
yahO	b0329
dacB	b3182
ycjW	b1320
ihfB	b0912
yecA	b1908
ubiF	b0662
ppiC	b3775
torT	b0994
yiaWV	b3587
yiaWV	b3586
speF-potE	b4803
speF-potE	b0692
speF-potE	b0693
topA	b1274
hisS	b2514
hcp-hcr	b0872
hcp-hcr	b0873
aspV	b0216
mazEF	b2782
mazEF	b2783
agp	b1002
ydeO	b1499
mepK-gloC	b0927
mepK-gloC	b0926
insB7	b4576
nanR	b3226
dinD	b3645
rpoBC	b3988
rpoBC	b3987
fruBKA	b2167
fruBKA	b2168
fruBKA	b2169
msyB	b1051
lysP	b2156
yohD	b2136
rpsMKD-rpoA-rplQ	b3297
rpsMKD-rpoA-rplQ	b3296
rpsMKD-rpoA-rplQ	b3295
rpsMKD-rpoA-rplQ	b3294
rpsMKD-rpoA-rplQ	b3298
ygaZH	b2683
ygaZH	b2682
infA-serW	b0883
infA-serW	b0884
hycABCDEFGHI	b2717
hycABCDEFGHI	b2718
hycABCDEFGHI	b2719
hycABCDEFGHI	b2720
hycABCDEFGHI	b2721
hycABCDEFGHI	b2722
hycABCDEFGHI	b2723
hycABCDEFGHI	b2724
hycABCDEFGHI	b2725
fepDGC	b0588
fepDGC	b0589
fepDGC	b0590
chpSB	b4225
chpSB	b4224
lacYA	b0342
lacYA	b0343
uvrC	b1913
argH	b3960
yehR	b2123
yjgR	b4263
yfiRN	b2604
yfiRN	b2603
wbbIJK	b2032
wbbIJK	b2033
wbbIJK	b2034
mog	b0009
cybB	b1418
elbB-mtgA	b3209
elbB-mtgA	b3208
atpBEFHAGDC	b3731
atpBEFHAGDC	b3732
atpBEFHAGDC	b3733
atpBEFHAGDC	b3734
atpBEFHAGDC	b3735
atpBEFHAGDC	b3736
atpBEFHAGDC	b3737
atpBEFHAGDC	b3738
yajR	b0427
ytfE	b4209
yjfKLMC	b4186
yjfKLMC	b4185
yjfKLMC	b4184
yjfKLMC	b4183
ydcI	b1422
leuL	b0075
hybOABCDEFG	b2997
hybOABCDEFG	b2990
hybOABCDEFG	b2991
hybOABCDEFG	b2992
hybOABCDEFG	b2993
hybOABCDEFG	b2994
hybOABCDEFG	b2995
hybOABCDEFG	b2996
araBAD	b0061
araBAD	b0062
araBAD	b0063
priA	b3935
dicB-ydfDE-insD-intQ	b1579
dicB-ydfDE-insD-intQ	b1578
dicB-ydfDE-insD-intQ	b1577
dicB-ydfDE-insD-intQ	b1576
dicB-ydfDE-insD-intQ	b1575
yebV	b1836
yfcV	b2339
atoDAEB	b2224
atoDAEB	b2221
atoDAEB	b2222
atoDAEB	b2223
ygiD	b3039
crp	b3357
queE	b2777
yfeCD	b2399
yfeCD	b2398
tdcBCDEFG	b4471
tdcBCDEFG	b3113
tdcBCDEFG	b3114
tdcBCDEFG	b3115
tdcBCDEFG	b3116
tdcBCDEFG	b3117
osmF-yehYXW	b2128
osmF-yehYXW	b2129
osmF-yehYXW	b2130
osmF-yehYXW	b2131
paaZ	b1387
yegX	b2102
yidL	b3680
yphCB	b2545
yphCB	b2544
alx	b3088
serA	b2913
omrB	b4445
psuT	b2164
actP	b4067
flgBCDEFGHIJ	b1073
flgBCDEFGHIJ	b1074
flgBCDEFGHIJ	b1075
flgBCDEFGHIJ	b1076
flgBCDEFGHIJ	b1077
flgBCDEFGHIJ	b1078
flgBCDEFGHIJ	b1079
flgBCDEFGHIJ	b1080
flgBCDEFGHIJ	b1081
glnD	b0167
arnBCADTEF	b2258
arnBCADTEF	b4544
arnBCADTEF	b2257
arnBCADTEF	b2256
arnBCADTEF	b2255
arnBCADTEF	b2254
arnBCADTEF	b2253
ydfH	b1540
aslA	b3801
xynR	b0272
bepA-yfgD	b2495
bepA-yfgD	b2494
imp	b0054
ftnB	b1902
murJ	b1069
yifL-dapF-yigA-xerC-yigB	b3812
yifL-dapF-yigA-xerC-yigB	b3811
yifL-dapF-yigA-xerC-yigB	b3810
yifL-dapF-yigA-xerC-yigB	b3809
yifL-dapF-yigA-xerC-yigB	b4558
folE-yeiB	b2153
folE-yeiB	b2152
aldB	b3588
yeiI	b2160
insK	b3558
tatE	b0627
bfd-bfr	b3337
bfd-bfr	b3336
yfjH	b2623
dgoRKADT	b4479
dgoRKADT	b3693
dgoRKADT	b4477
dgoRKADT	b4478
dgoRKADT	b3691
ydcL	b1431
gfcA	b0987
tynA	b1386
tauABC	b0367
tauABC	b0366
tauABC	b0365
htrL	b3618
rapA	b0059
relBE	b1564
relBE	b1563
ybdM	b0601
nanATEK-yhcH	b3221
nanATEK-yhcH	b3222
nanATEK-yhcH	b3223
nanATEK-yhcH	b3224
nanATEK-yhcH	b3225
relBE-hokD	b1562
relBE-hokD	b1563
relBE-hokD	b1564
hslO	b3401
thrU-tyrU-glyT-thrT-tufB	b3980
thrU-tyrU-glyT-thrT-tufB	b3976
thrU-tyrU-glyT-thrT-tufB	b3977
thrU-tyrU-glyT-thrT-tufB	b3978
thrU-tyrU-glyT-thrT-tufB	b3979
ydcH	b1426
exuR	b3094
pgl	b0767
yihW	b3884
alpA	b2624
allR	b0506
yacC-speED	b0122
yacC-speED	b0120
yacC-speED	b0121
yiaF	b3554
yhjB	b3520
queF	b2794
insC2D2CD2	b1403
insC2D2CD2	b1402
insC2D2CD2	""
osmE	b1739
yqgB	b2939
yfbO	b2274
psiF	b0384
yncI	b1459
intF	b0281
higBA	b3083
higBA	b3082
iscRSUA	b2528
iscRSUA	b2529
iscRSUA	b2530
iscRSUA	b2531
ybcQ	b0551
dhaR	b1201
rimK-ybjN	b0853
rimK-ybjN	b0852
rhsE-ydcD	b1457
rhsE-ydcD	b1456
mazE	b2783
ynbABCD	b1411
ynbABCD	b1410
ynbABCD	b1409
ynbABCD	b1408
yjjB-dnaTC-yjjA	b4360
yjjB-dnaTC-yjjA	b4361
yjjB-dnaTC-yjjA	b4362
yjjB-dnaTC-yjjA	b4363
tppB	b1634
ompN	b1377
yfjU	b2638
ymjC-mpaA	b4525
ymjC-mpaA	b1326
yceJI	b1057
yceJI	b1056
yghU	b2989
citR-ybdNM	b0601
citR-ybdNM	b0602
citR-ybdNM	b0603
abgR	b1339
yqfB	b2900
rfaZ-waaU	b3623
rfaZ-waaU	b3624
bamA	b0177
yjeM	b4156
dppBCDF	b3540
dppBCDF	b3541
dppBCDF	b3542
dppBCDF	b3543
yffB-dapE-ypfN	b4547
yffB-dapE-ypfN	b2472
yffB-dapE-ypfN	b2471
yeaQ	b1795
ygeX	b2871
cvrA	b1191
rem	b1561
insC5CD5D5-yqiHIG	b3048
insC5CD5D5-yqiHIG	b3047
insC5CD5D5-yqiHIG	b3046
insC5CD5D5-yqiHIG	b3045
insC5CD5D5-yqiHIG	b3044
insC5CD5D5-yqiHIG	""
uidR	b1618
rimL	b1427
trpCBA	b1260
trpCBA	b1261
trpCBA	b1262
glnAZLG	b4836
glnAZLG	b3868
glnAZLG	b3869
glnAZLG	b3870
pphB	b2734
yobA-yebZY	b1841
yobA-yebZY	b1840
yobA-yebZY	b1839
yjhU	b4295
ddlA	b0381
frwCB	b3950
frwCB	b3949
ycgI	b4521
manA	b1613
comR	b1111
ychF	b1203
rsmD-yhhL	b3466
rsmD-yhhL	b3465
pstS	b3728
ymiA-yciX	b4523
ymiA-yciX	b4522
yhaBC	b3121
yhaBC	b3120
udk-dcd	b2065
udk-dcd	b2066
rraA	b3929
nlpA	b3661
yhgN	b3434
phoU	b3724
rlmI	b0967
ydhQ	b1664
yeiL	b2163
ytjA	b4568
phoE	b0241
selAB	b3590
selAB	b3591
soxR	b4063
dicC-ydfXW	b1569
dicC-ydfXW	b1568
dicC-ydfXW	b1567
mug	b3068
spy	b1743
ydcY	b1446
deoR	b0840
asnB	b0674
bamB-der	b2511
bamB-der	b2512
ybfHG	b0691
cynTSX	b0339
cynTSX	b0340
cynTSX	b0341
argR	b3237
puuCBE	b1302
puuCBE	b1301
puuCBE	b1300
mobAB	b3856
mobAB	b3857
rtcR	b3422
metNIQ	b0197
metNIQ	b0198
metNIQ	b0199
kbp	b2665
leuE	b1798
sppA	b1766
amiA-hemF	b2436
amiA-hemF	b2435
rirA-rfaQGPSBIJYZ-waaU	b4760
rirA-rfaQGPSBIJYZ-waaU	b3623
rirA-rfaQGPSBIJYZ-waaU	b3624
rirA-rfaQGPSBIJYZ-waaU	b3625
rirA-rfaQGPSBIJYZ-waaU	b3626
rirA-rfaQGPSBIJYZ-waaU	b3627
rirA-rfaQGPSBIJYZ-waaU	b3628
rirA-rfaQGPSBIJYZ-waaU	b3629
rirA-rfaQGPSBIJYZ-waaU	b3630
rirA-rfaQGPSBIJYZ-waaU	b3631
rirA-rfaQGPSBIJYZ-waaU	b3632
ychO	b1220
rrsA-ileT-alaT-rrlA-rrfA	b3855
rrsA-ileT-alaT-rrlA-rrfA	b3854
rrsA-ileT-alaT-rrlA-rrfA	b3853
rrsA-ileT-alaT-rrlA-rrfA	b3852
rrsA-ileT-alaT-rrlA-rrfA	b3851
btsT	b4354
mltD	b0211
iaaA-gsiABCD	b0832
iaaA-gsiABCD	b0831
iaaA-gsiABCD	b0830
iaaA-gsiABCD	b0829
iaaA-gsiABCD	b0828
zraSR	b4004
zraSR	b4003
guaBA	b2507
guaBA	b2508
envR	b3264
yfjV	b2641
yegD	b2069
adeQ	b3664
nei	b0714
yjgA	b4234
ydcO	b1433
yfcF	b2301
insL2	b0582
trmA	b3965
yebA	b1856
yejLM	b2188
yejLM	b2187
yjfY	b4199
yabR	b4726
fklB	b4207
nadAp // pnuC // nadA	b0751
nadAp // pnuC // nadA	b0750
dnaAN-recF	b3700
dnaAN-recF	b3701
dnaAN-recF	b3702
cysDNC	b2750
cysDNC	b2751
cysDNC	b2752
rssAB	b1235
rssAB	b1234
yhbO	b3153
sfsA-dksA	b0145
sfsA-dksA	b0146
folC-dedD	b2315
folC-dedD	b2314
ycaC	b0897
fliFGHIJK	b1943
fliFGHIJK	b1942
fliFGHIJK	b1941
fliFGHIJK	b1940
fliFGHIJK	b1939
fliFGHIJK	b1938
sfsB	b3188
sbmA-yaiW	b0378
sbmA-yaiW	b0377
yoaH	b1811
efeOB	b1019
efeOB	b1018
ansB	b2957
ldtD	b0925
maa	b0459
dcuB-fumB	b4122
dcuB-fumB	b4123
yejO	b2190
dsbA	b3860
ybgIJKL-nei	b0714
ybgIJKL-nei	b0713
ybgIJKL-nei	b0712
ybgIJKL-nei	b0711
ybgIJKL-nei	b0710
acpH	b0404
paaXY	b1400
paaXY	b1399
yfaX-rhmD	b2248
yfaX-rhmD	b2247
yfeKS	b2420
yfeKS	b2419
ybjC-nfsA-rimK-ybjN	b0853
ybjC-nfsA-rimK-ybjN	b0852
ybjC-nfsA-rimK-ybjN	b0851
ybjC-nfsA-rimK-ybjN	b0850
rppH-ptsP	b2830
rppH-ptsP	b2829
nudK	b2467
yeiH	b2158
yibN-grxC-secB-gpsA	b3610
yibN-grxC-secB-gpsA	b3611
yibN-grxC-secB-gpsA	b3608
yibN-grxC-secB-gpsA	b3609
yehE	b2112
xapAB	b2406
xapAB	b2407
ycbC	b0920
xthA	b1749
proK	b3545
lapAB	b1280
lapAB	b1279
yrbL	b3207
ucpA	b2426
fabF	b1095
rbsDACBKR	b3753
rbsDACBKR	b3748
rbsDACBKR	b3749
rbsDACBKR	b3750
rbsDACBKR	b3751
rbsDACBKR	b3752
yjjJ	b4385
nrdG	b4237
yqeG	b2845
cspI	b1552
uxuR	b4324
ymfA-ycfZ	b1122
ymfA-ycfZ	b1121
eptC	b3955
sspAB	b3228
sspAB	b3229
frdABCD	b4151
frdABCD	b4152
frdABCD	b4153
frdABCD	b4154
yjjN	b4358
tnaC	b3707
glpEGR	b3423
glpEGR	b3424
glpEGR	b3425
yhhZ-yrhA-insA6AB6B6	b3445
yhhZ-yrhA-insA6AB6B6	b3444
yhhZ-yrhA-insA6AB6B6	""
yhhZ-yrhA-insA6AB6B6	b3443
yhhZ-yrhA-insA6AB6B6	b3442
ykfJ-prfH	b0236
ykfJ-prfH	b0235
rhtC	b3823
grxC	b3610
rdlD	b4454
rpe-gph-trpS	b3384
rpe-gph-trpS	b3385
rpe-gph-trpS	b3386
pgpC-tadA	b2560
pgpC-tadA	b2559
yjbD	b4023
yghF	b2970
yhaKL	b3107
yhaKL	b3106
yaeQ-arfB-nlpE	b0192
yaeQ-arfB-nlpE	b0191
yaeQ-arfB-nlpE	b0190
xtpA	b4845
yecM-cutC	b1875
yecM-cutC	b1874
proC	b0386
menD-yfbB-menBCE	b2260
menD-yfbB-menBCE	b2261
menD-yfbB-menBCE	b2262
menD-yfbB-menBCE	b2263
menD-yfbB-menBCE	b2264
sucABCD-sdhX	b4764
sucABCD-sdhX	b0726
sucABCD-sdhX	b0727
sucABCD-sdhX	b0728
sucABCD-sdhX	b0729
ymgGD	b1172
ymgGD	b1171
yihQ	b3878
rtcBA	b4475
rtcBA	b3421
tesB	b0452
ansA-pncA	b1768
ansA-pncA	b1767
slyX	b3348
folD-ybcJ	b0529
folD-ybcJ	b0528
yggX-mltC	b2963
yggX-mltC	b2962
dgkA	b4042
gltIJKL-sroC	b4763
gltIJKL-sroC	b0652
gltIJKL-sroC	b0653
gltIJKL-sroC	b0654
gltIJKL-sroC	b0655
ldcA	b1192
dkgAp // dkgA	b3012
elaB	b2266
yejABEF	b2180
yejABEF	b2179
yejABEF	b2178
yejABEF	b2177
ydbD	b1407
ruvC	b1863
csiD-ygaF-gabDTP	b2663
csiD-ygaF-gabDTP	b2662
csiD-ygaF-gabDTP	b2661
csiD-ygaF-gabDTP	b2660
csiD-ygaF-gabDTP	b2659
yjdN	b4107
sbp	b3917
serT	b0971
yjiC	b4325
mngR	b0730
csiE	b2535
mngAB	b0732
mngAB	b0731
yjiML	b4335
yjiML	b4334
napFDAGHBC	b2202
napFDAGHBC	b2203
napFDAGHBC	b2204
napFDAGHBC	b2205
napFDAGHBC	b2206
napFDAGHBC	b2207
napFDAGHBC	b2208
ybdJ	b0580
yaeH	b0163
ortT	b1445
btuD	b1709
malS	b3571
argQ	b2691
sdaA	b1814
yfdRST	b2363
yfdRST	b2362
yfdRST	b2361
xapR	b2405
kgtP	b2587
rzoR	b4528
lptFG	b4262
lptFG	b4261
malPQ	b3416
malPQ	b3417
rsmF	b1835
ypeA-yfeZ	b2434
ypeA-yfeZ	b2433
guaC	b0104
rhoL-rho	b3782
rhoL-rho	b3783
mliC	b1639
cusRS	b0570
cusRS	b0571
pptA	b1461
yciE	b1257
yeeY	b2015
yjiR	b4340
thiMD	b2104
thiMD	b2103
yeeRST-cbeA-cbtA-yeeW	b2006
yeeRST-cbeA-cbtA-yeeW	b2005
yeeRST-cbeA-cbtA-yeeW	b2004
yeeRST-cbeA-cbtA-yeeW	b2003
yeeRST-cbeA-cbtA-yeeW	b2002
yeeRST-cbeA-cbtA-yeeW	b2001
efp	b4147
sibE	b4611
soxS	b4062
serC	b0907
frlR	b3375
rdcAB	b4110
rdcAB	b4109
tdk	b1238
sufABCDSE	b1679
sufABCDSE	b1680
sufABCDSE	b1681
sufABCDSE	b1682
sufABCDSE	b1683
sufABCDSE	b1684
kup	b3747
recG	b3652
yfiL	b2602
yncG	b1454
xdhABC	b2867
xdhABC	b2868
xdhABC	b2866
acs-yjcHG	b4067
acs-yjcHG	b4068
acs-yjcHG	b4069
eutHA	b2452
eutHA	b2451
ackA-pta	b2297
ackA-pta	b2296
dksA-yadB	b0144
dksA-yadB	b0145
yghED	b2969
yghED	b2968
dacA	b0632
degP	b0161
ygeP	b2862
cynTS	b0340
cynTS	b0339
rrfG	b2588
grpE	b2614
ldtE	b1678
yebC-ruvC	b1863
yebC-ruvC	b1864
dicA	b1570
glpFK	b3926
glpFK	b3927
btuCED	b1709
btuCED	b1710
btuCED	b1711
nrdAB-yfaE	b2236
nrdAB-yfaE	b2234
nrdAB-yfaE	b2235
yffQR	b2449
yffQR	b2448
glpD	b3426
acrAB	b0463
acrAB	b0462
fldB	b2895
hicAB	b1438
hicAB	b4532
cusCFBA	b0575
cusCFBA	b0574
cusCFBA	b0573
cusCFBA	b0572
proS	b0194
ldtF	b0224
ndh	b1109
pspE	b1308
yiaG	b3555
ypdJ	b4545
rybA-mntS	b4416
rybA-mntS	b4705
pheLA	b2599
pheLA	b2598
ycaI-msbA-lpxK-ycaQ	b0916
ycaI-msbA-lpxK-ycaQ	b0915
ycaI-msbA-lpxK-ycaQ	b0914
ycaI-msbA-lpxK-ycaQ	b0913
serS	b0893
malQ	b3416
qorA	b4051
yjjP	b4364
bcsEFG	b3538
bcsEFG	b3537
bcsEFG	b3536
uhpABC	b3667
uhpABC	b3668
uhpABC	b3669
cpxPQ	b4716
cpxPQ	b4484
yhjA	b3518
ynaK-ydaY	b1366
ynaK-ydaY	b1365
yneL	b1506
pflB	b0903
insH-8	b2192
ybaP	b0482
yehDCBA	b2111
yehDCBA	b2110
yehDCBA	b2109
yehDCBA	b2108
aes	b0476
uspF	b1376
nanCM	b4310
nanCM	b4311
aspA-dcuA	b4138
aspA-dcuA	b4139
ydcSTUV-patD	b1444
ydcSTUV-patD	b1443
ydcSTUV-patD	b1442
ydcSTUV-patD	b1441
ydcSTUV-patD	b1440
ykgEFG	b0308
ykgEFG	b0307
ykgEFG	b0306
ygbA	b2732
fliE	b1937
glmZ	b4456
pheMST-ihfA	b1712
pheMST-ihfA	b1715
pheMST-ihfA	b1713
pheMST-ihfA	b1714
gadAX	b3516
gadAX	b3517
ymdAB	b1045
ymdAB	b1044
gadEF-mdtEF	b4718
gadEF-mdtEF	b3514
gadEF-mdtEF	b3513
gadEF-mdtEF	b3512
feoABC	b3410
feoABC	b3408
feoABC	b3409
mscL	b3291
rimO	b0835
cadA	b4131
yadI	b0129
phoH	b1020
ydhYVW	b1674
ydhYVW	b1673
ydhYVW	b1672
leuLABCD	b0071
leuLABCD	b0072
leuLABCD	b0073
leuLABCD	b0074
leuLABCD	b0075
mdtNOP	b4082
mdtNOP	b4081
mdtNOP	b4080
hldE	b3052
yhcC	b3211
asnW	b1984
ybbAP	b0496
ybbAP	b0495
yeiQ	b2172
citCDEFXG	b0618
citCDEFXG	b0617
citCDEFXG	b0616
citCDEFXG	b0615
citCDEFXG	b0614
citCDEFXG	b0613
yadN	b0141
yccR	b0959
dsdA	b2366
leuO	b0076
yfbM	b2272
lgoR	b4357
rhaSR	b3905
rhaSR	b3906
pepD	b0237
yfiF	b2581
yfhL	b2562
yrbG-kdsDC-lptCAB	b3201
yrbG-kdsDC-lptCAB	b3200
yrbG-kdsDC-lptCAB	b3199
yrbG-kdsDC-lptCAB	b3198
yrbG-kdsDC-lptCAB	b3197
yrbG-kdsDC-lptCAB	b3196
yfbR	b2291
rpoE-rseABC	b4725
ybcK	b0544
cbrB	b3716
hyuA	b2873
csrB	b4408
yjeI	b4144
argCBH	b3958
argCBH	b3959
argCBH	b3960
nsrR-rnr-rlmB-yjfI	b4181
nsrR-rnr-rlmB-yjfI	b4180
nsrR-rnr-rlmB-yjfI	b4179
nsrR-rnr-rlmB-yjfI	b4178
umpH	b0675
ffh	b2610
bglX	b2132
yibG	b3596
curA	b1449
poxB	b0871
yhfL	b3369
yihV-csqR	b3884
yihV-csqR	b3883
ynjF	b1758
cmtBA-yggPF-fumE-yggC	b2934
cmtBA-yggPF-fumE-yggC	b2933
cmtBA-yggPF-fumE-yggC	b4465
cmtBA-yggPF-fumE-yggC	b2930
cmtBA-yggPF-fumE-yggC	b2929
cmtBA-yggPF-fumE-yggC	b2928
gadX	b3516
ygbK	b2737
mutL-miaA-hfq-hflXKC	b4175
mutL-miaA-hfq-hflXKC	b4174
mutL-miaA-hfq-hflXKC	b4173
mutL-miaA-hfq-hflXKC	b4172
mutL-miaA-hfq-hflXKC	b4171
mutL-miaA-hfq-hflXKC	b4170
ydiY	b1722
yghT	b2986
yedK	b1931
ihfA	b1712
hlpA-lpxD-fabZ-lpxA	b0181
hlpA-lpxD-fabZ-lpxA	b0180
hlpA-lpxD-fabZ-lpxA	b0179
hlpA-lpxD-fabZ-lpxA	b0178
ymgE	b1195
cueR	b0487
mfd	b1114
yahL	b0326
abgABT-ogt	b1338
abgABT-ogt	b1337
abgABT-ogt	b1336
abgABT-ogt	b1335
yjeFE-amiB-mutL-miaA-hfq-hflXKC	b4175
yjeFE-amiB-mutL-miaA-hfq-hflXKC	b4174
yjeFE-amiB-mutL-miaA-hfq-hflXKC	b4173
yjeFE-amiB-mutL-miaA-hfq-hflXKC	b4172
yjeFE-amiB-mutL-miaA-hfq-hflXKC	b4171
yjeFE-amiB-mutL-miaA-hfq-hflXKC	b4170
yjeFE-amiB-mutL-miaA-hfq-hflXKC	b4169
yjeFE-amiB-mutL-miaA-hfq-hflXKC	b4168
yjeFE-amiB-mutL-miaA-hfq-hflXKC	b4167
glrK	b2556
copA	b0484
yfaXWVU	b2245
yfaXWVU	b2246
yfaXWVU	b2247
yfaXWVU	b2248
asflhD	b4839
garD	b3128
hdfR	b4480
glcBA	b2975
glcBA	b2976
narZYWV	b1465
narZYWV	b1466
narZYWV	b1467
narZYWV	b1468
pdeA	b2395
tsaB-yeaY	b1807
tsaB-yeaY	b1806
agrB	b4713
ydbA	b4492
ada-alkB	b2212
ada-alkB	b2213
ldrD	b4453
mdaB	b3028
pyrD	b0945
modABC	b0763
modABC	b0764
modABC	b0765
ydeE	b1534
bcr	b2182
rluE-nudJ	b1135
rluE-nudJ	b1134
pdeI-dgcI	b0834
pdeI-dgcI	b0833
insA3B3AB3	b0275
insA3B3AB3	b0274
insA3B3AB3	""
yijO	b3954
mreCD	b3249
mreCD	b3250
aroKB-damX-dam-rpe-gph-trpS	b3384
aroKB-damX-dam-rpe-gph-trpS	b3385
aroKB-damX-dam-rpe-gph-trpS	b3386
aroKB-damX-dam-rpe-gph-trpS	b3387
aroKB-damX-dam-rpe-gph-trpS	b3388
aroKB-damX-dam-rpe-gph-trpS	b3389
aroKB-damX-dam-rpe-gph-trpS	b3390
ilvY	b3773
ybeQ	b0644
yadMLKC	b0135
yadMLKC	b0136
yadMLKC	b0137
yadMLKC	b0138
fkpA	b3347
yncL	b4598
barA	b2786
anmK	b1640
frlABCDR	b3375
frlABCDR	b3374
frlABCDR	b4474
frlABCDR	b3371
frlABCDR	b3370
gloB	b0212
yaiA-aroM	b0390
yaiA-aroM	b0389
ygfTS	b2887
ygfTS	b2886
ilvL	b3766
ascB	b2716
nlpI	b3163
pstSCA	b3726
pstSCA	b3727
pstSCA	b3728
ppnN	b2795
rsuA	b2183
sroG-ribB	""
sroG-ribB	b3041
cyaY	b3807
cysPUWAM	b2421
cysPUWAM	b2422
cysPUWAM	b2423
cysPUWAM	b2424
cysPUWAM	b2425
yagML	b0279
yagML	b0278
yfaVU	b2246
yfaVU	b2245
mokC-hokC	b0018
mokC-hokC	b4412
yjcE	b4065
kbaZ-agaVWA	b3135
kbaZ-agaVWA	b3134
kbaZ-agaVWA	b3133
kbaZ-agaVWA	b3132
rfaQGPSBIJYZ-waaU	b3623
rfaQGPSBIJYZ-waaU	b3624
rfaQGPSBIJYZ-waaU	b3625
rfaQGPSBIJYZ-waaU	b3626
rfaQGPSBIJYZ-waaU	b3627
rfaQGPSBIJYZ-waaU	b3628
rfaQGPSBIJYZ-waaU	b3629
rfaQGPSBIJYZ-waaU	b3630
rfaQGPSBIJYZ-waaU	b3631
rfaQGPSBIJYZ-waaU	b3632
uspB	b3494
trmJ	b2532
mtr	b3161
rpmF-plsX-fabHDG	b1093
rpmF-plsX-fabHDG	b1092
rpmF-plsX-fabHDG	b1091
rpmF-plsX-fabHDG	b1090
rpmF-plsX-fabHDG	b1089
ynfP	b4534
evgAS	b2370
evgAS	b2369
rhsD-ybbC-ylbH-ybbD	b0501
rhsD-ybbC-ylbH-ybbD	b0499
rhsD-ybbC-ylbH-ybbD	b0498
rhsD-ybbC-ylbH-ybbD	b0497
tpke70	""
glpGR	b3423
glpGR	b3424
garPLRK-rnpB	b3123
garPLRK-rnpB	b3124
garPLRK-rnpB	b3125
garPLRK-rnpB	b3126
garPLRK-rnpB	b3127
sokX	b4701
ptrB	b1845
mioC	b3742
ldcC	b0186
waaA	b3633
tamAB-ytfP	b4222
tamAB-ytfP	b4221
tamAB-ytfP	b4220
zwf	b1852
dnaX	b0470
cho	b1741
yafT	b0217
minCDE	b1174
minCDE	b1175
minCDE	b1176
yfjI	b2625
btuB-murI	b3967
btuB-murI	b3966
setB	b2170
yhhA	b3448
prpBCDE	b0335
prpBCDE	b0334
prpBCDE	b0333
prpBCDE	b0331
rlmL-uup	b0948
rlmL-uup	b0949
pheM	b1715
uacT	b2888
yjgL	b4253
yeiG	b2154
ybbY-glxK	b0514
ybbY-glxK	b0513
mdtEF	b3514
mdtEF	b3513
uvrYC	b1913
uvrYC	b1914
nagBACD	b0675
nagBACD	b0676
nagBACD	b0677
nagBACD	b0678
fetAB	b0491
fetAB	b0490
gyrA	b2231
hslVU	b3931
hslVU	b3932
gor	b3500
yceB	b1063
ahpF	b0606
puuAP	b4742
puuAP	b1296
puuAP	b1297
murB-birA	b3973
murB-birA	b3972
ychH	b1205
kduD	b2842
ibpB	b3686
nlpC	b1708
ybfE	b0685
valZ-lysY	b0747
valZ-lysY	b0746
yejG	b2181
ldrC	b4423
pitB	b2987
lolCDE	b1118
lolCDE	b1117
lolCDE	b1116
metBL	b3940
metBL	b3939
letAB	b1834
letAB	b1833
ytjC	b4395
dld	b2133
ybcW	b0559
lexA-dinF	b4043
lexA-dinF	b4044
azoR	b1412
lipB	b0630
dapA-nlpB	b2477
dapA-nlpB	b2478
pdeD	b1815
ydgD	b1598
yjcS	b4083
insH4	b1331
truD	b2745
menA-rraA	b3929
menA-rraA	b3930
patZ	b2584
radD	b2184
yajO	b0419
yliM-ompX	b4736
yliM-ompX	b0814
yaeI	b0164
yncK	b4578
rraB	b4255
ppnP	b0391
kefFC	b0047
kefFC	b0046
nupG	b2964
hcaR	b2537
rhaBAD	b3902
rhaBAD	b3903
rhaBAD	b3904
ydcF	b1414
fpr	b3924
lysQ	b0749
gadW	b3515
mhpABCDFE	b0351
mhpABCDFE	b0352
mhpABCDFE	b0350
mhpABCDFE	b0349
mhpABCDFE	b0348
mhpABCDFE	b0347
ydhIJK	b1645
ydhIJK	b1644
ydhIJK	b1643
yjaG	b3999
ivy	b0220
hemB	b0369
hscBA-fdx-iscX	b2524
hscBA-fdx-iscX	b2525
hscBA-fdx-iscX	b2526
hscBA-fdx-iscX	b2527
yniD	b4535
yicN	b3663
ydeM	b1497
sibA	b4436
ogt	b1335
dsrB	b1952
msrC	b1832
tnaCAB	b3707
tnaCAB	b3708
tnaCAB	b3709
cspE	b0623
gltI-sroC-gltJKL	b0652
gltI-sroC-gltJKL	b0653
gltI-sroC-gltJKL	b0654
gltI-sroC-gltJKL	b4763
gltI-sroC-gltJKL	b0655
yeeP	b1999
peaD	b4508
narGHJI	b1224
narGHJI	b1225
narGHJI	b1226
narGHJI	b1227
qorB	b4211
accD	b2316
edd-eda	b1850
edd-eda	b1851
ung	b2580
cspD	b0880
ugpBAECQ	b3449
ugpBAECQ	b3450
ugpBAECQ	b3451
ugpBAECQ	b3452
ugpBAECQ	b3453
ybfP	b0689
ybeD	b0631
ygaY	b2681
yjgB	b4269
symE	b4347
rhaT	b3907
dicF	b1574
secMA-mutT	b0099
secMA-mutT	b0098
secMA-mutT	b0097
tauABCD	b0368
tauABCD	b0367
tauABCD	b0366
tauABCD	b0365
cof	b0446
yjjX	b4394
rihA	b0651
tqsA	b1601
emrD	b3673
lfhA	b0229
rpsO-pnp	b3164
rpsO-pnp	b3165
metF	b3941
epmA	b4155
yicH	b3655
ycgV	b1202
tolB-pal-ybgF	b0742
tolB-pal-ybgF	b0741
tolB-pal-ybgF	b0740
holC	b4259
yciK-btuR	b1271
yciK-btuR	b1270
gsk	b0477
kefGB-yheV	b3351
kefGB-yheV	b3350
kefGB-yheV	b4551
yfdC	b2347
pdxJ-acpS	b2563
pdxJ-acpS	b2564
holE	b1842
araE-ygeA	b2840
araE-ygeA	b2841
yfdONMLK	b2358
yfdONMLK	b2357
yfdONMLK	b2356
yfdONMLK	b2355
yfdONMLK	b2354
grcA	b2579
dtpC	b4130
ybfA	b0699
yjjK	b4391
gcd	b0124
yqgD	b2941
tyrV-tpr	b1229
tyrV-tpr	b1230
trpS	b3384
pspBCDE	b1308
pspBCDE	b1307
pspBCDE	b1306
pspBCDE	b1305
hypABCDE	b2726
hypABCDE	b2727
hypABCDE	b2728
hypABCDE	b2729
hypABCDE	b2730
yihF	b3861
narP	b2193
ycgJ	b1177
oxyS	b4458
flgMN	b1070
flgMN	b1071
hdhA	b1619
purEK	b0522
purEK	b0523
rsmG	b3740
nepI	b3662
yjdP	b4487
yzfA	b4223
ftsQAZ	b0093
ftsQAZ	b0094
ftsQAZ	b0095
glyA	b2551
rihB	b2162
yfgG	b2504
speD	b0120
rhsC-ybfB	b0702
rhsC-ybfB	b0700
rrlH-rrfH	b0205
rrlH-rrfH	b0204
yraH	b3142
malK-lamB-malM	b4035
malK-lamB-malM	b4036
malK-lamB-malM	b4037
blr	b4409
hspQ	b0966
citT	b0612
mocA	b2877
ybjD	b0876
dcrB	b3472
acpP	b1094
fadH	b3081
ulaR	b4191
tesA-ybbO	b0493
tesA-ybbO	b0494
tyrR	b1323
gshA	b2688
yjiS	b4341
rnk	b0610
hypT	b4327
rzoD	b4510
aceBAK	b4014
aceBAK	b4015
aceBAK	b4016
acnB	b0118
rdgC	b0393
nupX	b2161
ppk-ppx	b2502
ppk-ppx	b2501
ydcA	b1419
yjhR	b4308
qmcA-ybbJ	b0489
qmcA-ybbJ	b0488
grxD	b1654
speE	b0121
yqgEF	b2949
yqgEF	b2948
mgrR	b4698
yccX	b0968
yniA	b1725
folX-yfcH	b2304
folX-yfcH	b2303
ssrA	b2621
ybjJI	b0845
ybjJI	b0844
yjeJ	b4145
kdpDE	b0694
kdpDE	b0695
yphA	b2543
ydaL	b1340
ynfA	b1582
emrKY	b2367
emrKY	b2368
cutA	b4137
scpA-argK-scpBC	b2920
scpA-argK-scpBC	b2919
scpA-argK-scpBC	b2918
scpA-argK-scpBC	b2917
pyrLBI	b4246
pyrLBI	b4244
pyrLBI	b4245
yobH	b4536
racR	b1356
macAB	b0879
macAB	b0878
yphFED	b2548
yphFED	b2547
yphFED	b2546
coaE-zapD-yacG	b0103
coaE-zapD-yacG	b0102
coaE-zapD-yacG	b0101
fabDG-acpP	b1094
fabDG-acpP	b1093
fabDG-acpP	b1092
argU	b0536
yidE	b3685
trxB	b0888
tatABC	b4483
tatABC	b3839
tatABC	b3838
tatABC	b3836
yiaD	b3552
tabA	b4252
agaSYBCDI	b3141
agaSYBCDI	b3140
agaSYBCDI	b3139
agaSYBCDI	b3138
agaSYBCDI	b3137
agaSYBCDI	b3136
ydfG	b1539
smpB	b2620
yaiX	b4579
bamC	b2477
ubiCA	b4039
ubiCA	b4040
ynaI	b1330
ydjLKJIHG	b1776
ydjLKJIHG	b1775
ydjLKJIHG	b1774
ydjLKJIHG	b1773
ydjLKJIHG	b1772
ydjLKJIHG	b1771
yhjX	b3547
rsmA-apaGH	b0049
rsmA-apaGH	b0050
rsmA-apaGH	b0051
clpB	b2592
fadL	b2344
ygdI	b2809
dinI	b1061
ygjV	b3090
usg-truA-dedA	b2317
usg-truA-dedA	b2318
usg-truA-dedA	b2319
bcsBZ	b3531
bcsBZ	b3532
yafJ	b0223
yeeX	b2007
yhhN	b3468
icdC	b4519
ileY	b2652
yegP	b2080
cspF	b1558
fadD-sroD	""
fadD-sroD	b1805
yagAB-insX	b0267
yagAB-insX	b0266
yagAB-insX	b4505
smg	b3284
rfaYZ	b3624
rfaYZ	b3625
trg	b1421
csrC	b4457
znuCB	b1859
znuCB	b1858
ytfF	b4210
ppA	b4226
yggR	b2950
oppBCDF	b1247
oppBCDF	b1246
oppBCDF	b1245
oppBCDF	b1244
ytfJ	b4216
ybaQ	b0483
yedA	b1959
mltB	b2701
yfdE	b2371
serV-argVYZQ	b2691
serV-argVYZQ	b2692
serV-argVYZQ	b2693
serV-argVYZQ	b2694
serV-argVYZQ	b2695
hcxB	b0801
yeaX	b1803
csgA	b1042
rhlB	b3780
yjfP	b4190
yacL	b0119
yhdN-zntR	b3293
yhdN-zntR	b3292
hpt	b0125
ybiU	b0821
rpsB-tsf	b4414
rpsB-tsf	b0169
rpsB-tsf	b0170
pdxY	b1636
efeU	b4490
cysQ	b4214
tfaD	b0561
rpsLG-fusA-tufA	b3339
rpsLG-fusA-tufA	b3340
rpsLG-fusA-tufA	b3341
rpsLG-fusA-tufA	b3342
yajG	b0434
hda	b2496
yjdM	b4108
nudG	b1759
ygeV	b2869
flgK	b4826
flgK	b1083
flgK	b1082
gcvTHP	b2903
gcvTHP	b2904
gcvTHP	b2905
yceI	b1056
ilvEDA	b3772
ilvEDA	b3771
ilvEDA	b3770
csrAp3 // csrA	b2696
maeB	b2463
ydfZ	b1541
fnr	b1334
rlmJ	b3499
thrL	b0001
ynfN	b1551
ybiYW	b0824
ybiYW	b0823
priC-ybaM	b0467
priC-ybaM	b0466
ydiZ	b1724
ugd	b2028
bluR	b1162
tsaE-amiB-mutL-miaA-hfq-hflXKC	b4175
tsaE-amiB-mutL-miaA-hfq-hflXKC	b4174
tsaE-amiB-mutL-miaA-hfq-hflXKC	b4173
tsaE-amiB-mutL-miaA-hfq-hflXKC	b4172
tsaE-amiB-mutL-miaA-hfq-hflXKC	b4171
tsaE-amiB-mutL-miaA-hfq-hflXKC	b4170
tsaE-amiB-mutL-miaA-hfq-hflXKC	b4169
tsaE-amiB-mutL-miaA-hfq-hflXKC	b4168
yhiI-rbbA-yhhJ	b3487
yhiI-rbbA-yhhJ	b3486
yhiI-rbbA-yhhJ	b3485
prs	b1207
yehK	b4541
prlC-yhiQ	b3498
prlC-yhiQ	b3497
yraL	b3146
oppABCDF	b1243
oppABCDF	b1244
oppABCDF	b1245
oppABCDF	b1246
oppABCDF	b1247
selD-topB	b1763
selD-topB	b1764
rfaH	b3842
ybcN-ninE-ybcO-rusA-ylcG	b4509
ybcN-ninE-ybcO-rusA-ylcG	b0550
ybcN-ninE-ybcO-rusA-ylcG	b0549
ybcN-ninE-ybcO-rusA-ylcG	b0548
ybcN-ninE-ybcO-rusA-ylcG	b0547
leuU	b3174
ygfI	b2921
ibaG	b3190
rob	b4396
lrhA	b2289
fieF	b3915
yqaE	b2666
tyrB	b4054
asnV	b1989
mgrB	b1826
lolA-rarA	b0892
lolA-rarA	b0891
proQ-prc	b1831
proQ-prc	b1830
acrD	b2470
insH3	b0656
sad-glsB-yneG	b1523
sad-glsB-yneG	b1524
sad-glsB-yneG	b1525
cmk-rpsA	b0911
cmk-rpsA	b0910
yiiG	b3896
yjaB	b4012
thrW	b0244
accA	b0185
glyW-cysT-leuZ	b4759
glyW-cysT-leuZ	b1909
glyW-cysT-leuZ	b1910
glyW-cysT-leuZ	b1911
aslB	b3800
yaiI	b0387
rplU-rpmA-yhbE-obgE	b3183
rplU-rpmA-yhbE-obgE	b3184
rplU-rpmA-yhbE-obgE	b3185
rplU-rpmA-yhbE-obgE	b3186
aaeXAB	b3242
aaeXAB	b3241
aaeXAB	b3240
psd-mscM	b4159
psd-mscM	b4160
fimAICDFGH	b4838
fimAICDFGH	b4317
fimAICDFGH	b4320
fimAICDFGH	b4319
fimAICDFGH	b4318
fimAICDFGH	b4316
fimAICDFGH	b4315
fimAICDFGH	b4314
ysgA	b3830
yhjR	b3535
ytfI	b4215
pdxA-rsmA	b0051
pdxA-rsmA	b0052
clsA-yciU	b1248
clsA-yciU	b1249
aegA	b2468
purT	b1849
yghW	b2998
eptA	b4114
ydjF	b1770
dmlR	b1799
yidB	b3698
seqA-pgm	b0688
seqA-pgm	b0687
cysJIH	b2762
cysJIH	b2763
cysJIH	b2764
yehLMPQ	b2122
yehLMPQ	b2121
yehLMPQ	b2120
yehLMPQ	b2119
yifK	b3795
sgcXBCQAER	b4305
sgcXBCQAER	b4565
sgcXBCQAER	b4304
sgcXBCQAER	b4303
sgcXBCQAER	b4302
sgcXBCQAER	b4301
sgcXBCQAER	b4300
bssR	b0836
yhjG	b3524
yhhX	b3440
aroG	b0754
ybiI	b0803
isrC	b4435
ykgMO	b0296
ykgMO	b4506
insL1	b0016
ampDE	b0110
ampDE	b0111
yjcH-actP	b4067
yjcH-actP	b4068
ykfGH-yafW-ykfI	b0245
ykfGH-yafW-ykfI	b0246
ykfGH-yafW-ykfI	b4504
ykfGH-yafW-ykfI	b0247
aceEF	b0115
aceEF	b0114
kdgK	b3526
yfjM	b2629
ldhA	b1380
ycgX	b1161
betIBA	b0311
betIBA	b0312
betIBA	b0313
tsr	b4355
psuKG	b2166
psuKG	b2165
yciCB	b1255
yciCB	b1254
nagK-cobB	b1120
nagK-cobB	b1119
pbpG	b2134
insC6CD6D6	b4273
insC6CD6D6	b4272
insC6CD6D6	""
erpA	b0156
pabA	b3360
yidI	b3677
yidX	b3696
yqeA	b2874
otsA	b1896
ygbN	b2740
ycjXF-tyrR	b1323
ycjXF-tyrR	b1322
ycjXF-tyrR	b1321
ymfH-xisE-intE	b1142
ymfH-xisE-intE	b1141
ymfH-xisE-intE	b1140
insA4AB4B4	b0988
insA4AB4B4	b4516
insA4AB4B4	""
rpiB	b4090
ycdZ	b1036
tomB-hha	b0461
tomB-hha	b0460
yggX	b2962
sra	b1480
asnU	b1986
uvrD	b3813
hypABCDE-fhlA	b2731
hypABCDE-fhlA	b2730
hypABCDE-fhlA	b2729
hypABCDE-fhlA	b2728
hypABCDE-fhlA	b2727
hypABCDE-fhlA	b2726
gltS	b3653
cueO	b0123
yagN	b0280
ampG	b0433
rpmI-rplT	b1716
rpmI-rplT	b1717
satP	b0010
tktA	b2935
yhaJ	b3105
yahH	b0322
yfhH	b2561
gmhA	b0222
malZ	b0403
fabG-acpP	b1094
fabG-acpP	b1093
kilR-ydaE	b1352
kilR-ydaE	b4526
yobB-exoX	b1844
yobB-exoX	b1843
yiaY	b3589
kch	b1250
caiF	b0034
ggt	b3447
yfcZ	b2343
ygaVP	b2668
ygaVP	b2667
bluF	b1163
yfcJ	b2322
acrB	b0462
yceQ	b1085
ychQA-kdsA	b1215
ychQA-kdsA	b1214
ychQA-kdsA	b1213
rplKAJL-rpoBC	b3988
rplKAJL-rpoBC	b3987
rplKAJL-rpoBC	b3986
rplKAJL-rpoBC	b3985
rplKAJL-rpoBC	b3984
rplKAJL-rpoBC	b3983
yjiJ	b4332
rplT	b1716
ydiQRST-fadK	b1701
ydiQRST-fadK	b1700
ydiQRST-fadK	b1699
ydiQRST-fadK	b1698
ydiQRST-fadK	b1697
yecH	b1906
adhP	b1478
yhaI	b3104
yjfN	b4188
ameF	b4844
rsxABCDGE-nth	b1633
rsxABCDGE-nth	b1632
rsxABCDGE-nth	b1631
rsxABCDGE-nth	b1630
rsxABCDGE-nth	b1629
rsxABCDGE-nth	b1628
rsxABCDGE-nth	b1627
dusC	b2140
rcnR	b2105
yhdJ	b3262
lsrRK	b1511
lsrRK	b1512
smrB	b2331
ymdB	b1045
gntU	b4476
mtlADR	b3599
mtlADR	b3600
mtlADR	b3601
yjjW	b4379
leuX	b4270
CsiR	b2664
chiX	b4585
sutR	b1434
ytfH	b4212
dusB-fis	b3260
dusB-fis	b3261
fdnGHI	b1474
fdnGHI	b1475
fdnGHI	b1476
ulaG	b4192
yjbLM	b4048
yjbLM	b4047
yhgE	b3402
yhiD	b3508
mdoC	b1047
yciW	b1287
ybhK	b0780
betT	b0314
insL3	b2394
fdhD	b3895
ibpAB	b3686
ibpAB	b3687
ydiU	b1706
yijF	b3944
insA5B5AB5	b1894
insA5B5AB5	b1893
insA5B5AB5	""
uspC	b1895
yhjC	b3521
asnS	b0930
setC	b3659
treF	b3519
arsRBC	b3501
arsRBC	b3502
arsRBC	b3503
acpT	b3475
eco	b2209
pfkB	b1723
yecT	b1877
clsC	b1046
cadC	b4133
metY	b3171
maeA	b1479
mdtABCD-baeSR	b2079
mdtABCD-baeSR	b2078
mdtABCD-baeSR	b2077
mdtABCD-baeSR	b2076
mdtABCD-baeSR	b2075
mdtABCD-baeSR	b2074
bssS	b1060
srkA-dsbA	b3860
srkA-dsbA	b3859
dcuC	b0621
yahN	b0328
ydhYVWXUT	b1669
ydhYVWXUT	b1670
ydhYVWXUT	b1671
ydhYVWXUT	b1672
ydhYVWXUT	b1673
ydhYVWXUT	b1674
ybaL	b0478
yibN	b3611
uxaB	b1521
ttdR	b3060
tusA	b3470
yfeYX	b2431
yfeYX	b2432
pth-ychF	b1203
pth-ychF	b1204
lpdA	b0116
exbBD	b3005
exbBD	b3006
yajI	b0412
ais	b2252
ykgH	b0310
cyuPA	b3110
cyuPA	b4470
srmB	b2576
hscC	b0650
preTA	b2147
preTA	b2146
yagP	b0282
yrdD-rimN-aroE-yrdB	b3280
yrdD-rimN-aroE-yrdB	b3281
yrdD-rimN-aroE-yrdB	b3282
yrdD-rimN-aroE-yrdB	b3283
hsdMS	b4348
hsdMS	b4349
mokB	b1420
idnDOTR	b4264
idnDOTR	b4265
idnDOTR	b4266
idnDOTR	b4267
yfiK	b2578
yeaGH	b1784
yeaGH	b1783
yaaJ	b0007
tfaS	b2353
ydgC	b1607
mcbR	b1450
greB	b3406
rplT-pheM	b1715
rplT-pheM	b1716
yfbN	b2273
rna	b0611
cybC	b4236
inaA	b2237
pgaABCD	b1021
pgaABCD	b1022
pgaABCD	b1023
pgaABCD	b1024
ybaN	b0468
yaeF	b0193
moaABCDE	b0781
moaABCDE	b0782
moaABCDE	b0783
moaABCDE	b0784
moaABCDE	b0785
yeeED	b2013
yeeED	b2012
yafV	b0219
sstT	b3089
yhfXW-php-yhfUTS	b3381
yhfXW-php-yhfUTS	b3380
yhfXW-php-yhfUTS	b3379
yhfXW-php-yhfUTS	b3378
yhfXW-php-yhfUTS	b3377
yhfXW-php-yhfUTS	b3376
yncE	b1452
asmA	b2064
hcp-hcr-poxB	b0871
hcp-hcr-poxB	b0872
hcp-hcr-poxB	b0873
glpFKX	b3925
glpFKX	b3926
glpFKX	b3927
eamA	b1533
degS	b3235
yggM	b2956
arcZ	b4450
dppABCDF	b3540
dppABCDF	b3541
dppABCDF	b3542
dppABCDF	b3543
dppABCDF	b3544
sokC	b4413
dinJ-yafQ	b0226
dinJ-yafQ	b0225
ydeA	b1528
csgC	b1043
ybfF	b0686
yccFS	b0961
yccFS	b0960
rpsJ-rplCDWB-rpsS-rplV-rpsC-rplP-rpmC-rpsQ	b3311
rpsJ-rplCDWB-rpsS-rplV-rpsC-rplP-rpmC-rpsQ	b3312
rpsJ-rplCDWB-rpsS-rplV-rpsC-rplP-rpmC-rpsQ	b3313
rpsJ-rplCDWB-rpsS-rplV-rpsC-rplP-rpmC-rpsQ	b3314
rpsJ-rplCDWB-rpsS-rplV-rpsC-rplP-rpmC-rpsQ	b3315
rpsJ-rplCDWB-rpsS-rplV-rpsC-rplP-rpmC-rpsQ	b3316
rpsJ-rplCDWB-rpsS-rplV-rpsC-rplP-rpmC-rpsQ	b3317
rpsJ-rplCDWB-rpsS-rplV-rpsC-rplP-rpmC-rpsQ	b3318
rpsJ-rplCDWB-rpsS-rplV-rpsC-rplP-rpmC-rpsQ	b3319
rpsJ-rplCDWB-rpsS-rplV-rpsC-rplP-rpmC-rpsQ	b3320
rpsJ-rplCDWB-rpsS-rplV-rpsC-rplP-rpmC-rpsQ	b3321
chiQ	b0682
hemA	b1210
yafNOP	b0234
yafNOP	b0233
yafNOP	b0232
yegTUV	b2100
yegTUV	b2099
yegTUV	b2098
yfaATSQP	b2230
yfaATSQP	b2229
yfaATSQP	b4500
yfaATSQP	b2226
yfaATSQP	b2225
dnaTC	b4361
dnaTC	b4362
metY-yhbC-nusA-infB-rbfA-truB-rpsO-pnp	b3164
metY-yhbC-nusA-infB-rbfA-truB-rpsO-pnp	b3165
metY-yhbC-nusA-infB-rbfA-truB-rpsO-pnp	b3166
metY-yhbC-nusA-infB-rbfA-truB-rpsO-pnp	b3167
metY-yhbC-nusA-infB-rbfA-truB-rpsO-pnp	b3168
metY-yhbC-nusA-infB-rbfA-truB-rpsO-pnp	b3169
metY-yhbC-nusA-infB-rbfA-truB-rpsO-pnp	b3170
metY-yhbC-nusA-infB-rbfA-truB-rpsO-pnp	b3171
yciY	b4595
ybdH	b0599
mltA	b2813
yjeH	b4141
msrB	b1778
yahC	b0317
rlmA	b1822
mpaA	b1326
ycgB	b1188
yhhH	b3483
ppsR	b1703
insH-10	b3218
galS	b2151
ybeR-djlB	b0646
ybeR-djlB	b0645
ycgY	b1196
dsbB	b1185
adiC	b4115
yeaC	b1777
ychJ-purU	b1232
ychJ-purU	b1233
rhoL	b3782
ycgL	b1179
yjbJ	b4045
mreBCD	b3249
mreBCD	b3250
mreBCD	b3251
hns	b1237
bdcR	b4251
ygcU	b4463
yccM	b0992
speAB	b2937
speAB	b2938
cedA	b1731
hsdRMS	b4348
hsdRMS	b4349
hsdRMS	b4350
ybjN	b0853
ydeTSR	b1505
ydeTSR	b1504
ydeTSR	b1503
yadE	b0130
menBCE	b2260
menBCE	b2261
menBCE	b2262
ubiX	b2311
yojI	b2211
ydhP	b1657
yjgZ	b4277
ribC	b1662
insN-2	b4623
tktB	b2465
fdhF	b4079
yfgHI	b2506
yfgHI	b2505
mgtA	b4702
mgtA	b4242
ycgM	b1180
yrbN-deaD	b3162
yrbN-deaD	b4685
purMN	b2499
purMN	b2500
phnCDEEFGHIJKLMNOP	b4092
phnCDEEFGHIJKLMNOP	b4093
phnCDEEFGHIJKLMNOP	b4094
phnCDEEFGHIJKLMNOP	b4095
phnCDEEFGHIJKLMNOP	b4096
phnCDEEFGHIJKLMNOP	b4097
phnCDEEFGHIJKLMNOP	b4098
phnCDEEFGHIJKLMNOP	b4099
phnCDEEFGHIJKLMNOP	b4100
phnCDEEFGHIJKLMNOP	b4101
phnCDEEFGHIJKLMNOP	b4102
phnCDEEFGHIJKLMNOP	b4583
phnCDEEFGHIJKLMNOP	b4105
phnCDEEFGHIJKLMNOP	b4106
surA-pdxA-rsmA-apaGH	b0049
surA-pdxA-rsmA-apaGH	b0050
surA-pdxA-rsmA-apaGH	b0051
surA-pdxA-rsmA-apaGH	b0052
surA-pdxA-rsmA-apaGH	b0053
ybjS	b0868
acrEF	b3265
acrEF	b3266
aqpZ	b0875
pdeB	b0457
raiAZ	b4805
raiAZ	b2597
ybhD	b0768
recC	b2822
gltF	b3214
gstA	b1635
sulA	b0958
yegW	b2101
pdxI	b1406
hslJ	b1379
fes-ybdZ-entF-fepE	b4511
fes-ybdZ-entF-fepE	b0585
fes-ybdZ-entF-fepE	b0586
fes-ybdZ-entF-fepE	b0587
argT-hisJQMP	b2306
argT-hisJQMP	b2307
argT-hisJQMP	b2308
argT-hisJQMP	b2309
argT-hisJQMP	b2310
xanQ-guaD-ghxQ	b4464
xanQ-guaD-ghxQ	b2883
xanQ-guaD-ghxQ	b2882
sdaCB	b2796
sdaCB	b2797
patD	b1444
ygiZ	b3027
ybhJ	b0771
lpxL	b1054
mdlAB	b0449
mdlAB	b0448
ulaABCDEF	b4198
ulaABCDEF	b4197
ulaABCDEF	b4196
ulaABCDEF	b4195
ulaABCDEF	b4194
ulaABCDEF	b4193
ygeI	b2853
perR	b0254
yhhT	b3474
fabHDG	b1091
fabHDG	b1092
fabHDG	b1093
ilvC	b3774
insA2B2AB2-afuBC	b0265
insA2B2AB2-afuBC	b0264
insA2B2AB2-afuBC	""
insA2B2AB2-afuBC	b0263
insA2B2AB2-afuBC	b0262
livJ	b3460
ygiF-glnE	b3054
ygiF-glnE	b3053
yjhIHG	b4299
yjhIHG	b4298
yjhIHG	b4297
ygdR	b2833
rihC	b0030
frwD	b3953
ymdE-ycdU	b1029
ymdE-ycdU	b1028
panZ	b3459
yicG	b3646
lsp-fkpB-ispH	b0029
lsp-fkpB-ispH	b0028
lsp-fkpB-ispH	b0027
bioBFCD	b0775
bioBFCD	b0776
bioBFCD	b0777
bioBFCD	b0778
fumAC	b1611
fumAC	b1612
yrfG-hslR	b3400
yrfG-hslR	b3399
pinE	b1158
mlaA	b2346
lafU	b0230
fusA-tufA	b3339
fusA-tufA	b3340
yjdF	b4121
iclR	b4018
pldA	b3821
pepE	b4021
yfiM	b2586
ykgJ	b0288
sibD	b4447
radA-nadR	b4390
radA-nadR	b4389
nudI	b2251
rdlB	b4422
ybdD	b4512
rrlB-rrfB	b3971
rrlB-rrfB	b3970
nfeR	b3071
folP-glmM	b3177
folP-glmM	b3176
zapA	b2910
pnp	b3164
lolB-ispE-prs	b1207
lolB-ispE-prs	b1208
lolB-ispE-prs	b1209
yigE	b4482
mdtG	b1053
allDC-ylbA	b0515
allDC-ylbA	b0516
allDC-ylbA	b0517
tisB	b4618
pldB-yigL	b3826
pldB-yigL	b3825
sseB	b2522
insI2	b1404
yjiHG-iadA	b4330
yjiHG-iadA	b4329
yjiHG-iadA	b4328
cra	b0080
yfhG	b2555
gfcBCD	b0986
gfcBCD	b0985
gfcBCD	b0984
sieB	b1353
yhfK	b3358
ymfI	b1143
ybgTE	b0735
ybgTE	b4515
azuCR	b4434
azuCR	b4663
cdgI	b1785
plsC	b3018
htpX	b1829
fdoGHI-fdhE	b3891
fdoGHI-fdhE	b3892
fdoGHI-fdhE	b3893
fdoGHI-fdhE	b3894
ivbL-ilvBN-uhpABC	b3667
ivbL-ilvBN-uhpABC	b3668
ivbL-ilvBN-uhpABC	b3669
ivbL-ilvBN-uhpABC	b3670
ivbL-ilvBN-uhpABC	b3671
ivbL-ilvBN-uhpABC	b3672
creABCD	b4397
creABCD	b4398
creABCD	b4399
creABCD	b4400
ygeW	b2870
clcA	b0155
zitB	b0752
yntF-ydfK	b4748
yntF-ydfK	b1544
lacI	b0345
asd	b3433
thyA	b2827
yjaA	b4011
yffMN	b2445
yffMN	b2444
ybdN	b0602
argW	b2348
ycjMNOPQRSTUV-ymjB-ompG	b1319
ycjMNOPQRSTUV-ymjB-ompG	b4524
ycjMNOPQRSTUV-ymjB-ompG	b1318
ycjMNOPQRSTUV-ymjB-ompG	b1317
ycjMNOPQRSTUV-ymjB-ompG	b1316
ycjMNOPQRSTUV-ymjB-ompG	b1315
ycjMNOPQRSTUV-ymjB-ompG	b1314
ycjMNOPQRSTUV-ymjB-ompG	b1313
ycjMNOPQRSTUV-ymjB-ompG	b1312
ycjMNOPQRSTUV-ymjB-ompG	b1311
ycjMNOPQRSTUV-ymjB-ompG	b1310
ycjMNOPQRSTUV-ymjB-ompG	b1309
fhuE	b1102
kdtA-coaD	b3633
kdtA-coaD	b3634
hisJQMP	b2306
hisJQMP	b2307
hisJQMP	b2308
hisJQMP	b2309
pta	b2297
ycjY-ymjDC-mpaA	b1326
ycjY-ymjDC-mpaA	b4525
ycjY-ymjDC-mpaA	b4673
ycjY-ymjDC-mpaA	b1327
ymfK	b1145
zapC	b0946
rpmBG-mutM	b3635
rpmBG-mutM	b3636
rpmBG-mutM	b3637
yffS	b2450
gntKU	b4476
gntKU	b3437
micL	b4717
ade	b3665
avtA	b3572
tatD	b4483
yciA	b1253
mscS	b2924
ymbA	b0952
fabA	b0954
yqjCDEK	b3100
yqjCDEK	b3099
yqjCDEK	b3098
yqjCDEK	b3097
tcyP	b1729
sibC	b4446
mcrA	b1159
ycjY	b1327
yddAB	b1496
yddAB	b1495
gmhB	b0200
ykgR	b4671
yicS	b4555
ybjK	b0846
pdeN	b2176
cspB	b1557
xseB-ispA-dxs-yajO	b0419
xseB-ispA-dxs-yajO	b0420
xseB-ispA-dxs-yajO	b0421
xseB-ispA-dxs-yajO	b0422
dmsC	b0896
galU	b1236
yceF	b1087
ybcLM	b0546
ybcLM	b0545
ybjX	b0877
yhbY	b3180
oxc	b2373
yiiQ	b3920
ykiA	b0392
dapD	b0166
arcB	b3210
sthA	b3962
yjeNO	b4158
yjeNO	b4157
mipA	b1782
gltP	b4077
yibA	b3594
yfjPQ	b2633
yfjPQ	b2632
yfbL	b2271
pagP	b0622
ydiV	b1707
ybfL	b0705
ylbG	b0502
yfcD	b2299
tsgA	b3364
ryjA	b4459
yiiS-uspD	b3923
yiiS-uspD	b3922
argD	b3359
yecJ	b4537
insH6	b1994
ydjM	b1728
gatR_2	b4498
adiY	b4116
decR	b0447
nfo	b2159
metY-yhbC-nusA-infB	b3168
metY-yhbC-nusA-infB	b3169
metY-yhbC-nusA-infB	b3170
metY-yhbC-nusA-infB	b3171
yaaU	b0045
pgrR	b1328
ppc	b3956
yfiR-dgcN-yfiB	b2605
yfiR-dgcN-yfiB	b2604
yfiR-dgcN-yfiB	b2603
yafC	b0208
yijE	b3943
casDE-ygbTF	b2754
casDE-ygbTF	b2755
casDE-ygbTF	b2756
casDE-ygbTF	b2757
yibT	b4554
fliCX	b4827
fliCX	b1923
gltBDF	b3212
gltBDF	b3213
gltBDF	b3214
map-glnD-dapD	b0168
map-glnD-dapD	b0167
map-glnD-dapD	b0166
ypfG	b2466
yeiW	b4502
ycaM	b0899
sdhCDAB-sucABCD-sdhX	b4764
sdhCDAB-sucABCD-sdhX	b0721
sdhCDAB-sucABCD-sdhX	b0722
sdhCDAB-sucABCD-sdhX	b0723
sdhCDAB-sucABCD-sdhX	b0724
sdhCDAB-sucABCD-sdhX	b0726
sdhCDAB-sucABCD-sdhX	b0727
sdhCDAB-sucABCD-sdhX	b0728
sdhCDAB-sucABCD-sdhX	b0729
gntRKU	b4476
gntRKU	b3437
gntRKU	b3438
yfbP	b2275
mnaT-ydcZ	b1448
mnaT-ydcZ	b1447
iraM	b1160
ygaM	b2672
sodA	b3908
rluD-pgeF	b2594
rluD-pgeF	b2593
gudPXD	b2787
gudPXD	b2788
gudPXD	b2789
mak	b0394
ybhC	b0772
flk	b2321
phoBR	b0399
phoBR	b0400
ecpA	b0293
ybaZ	b0454
cysE	b3607
zur	b4046
ybdR	b0608
cdaR	b0162
pabC-mltG-tmk-holB-ycfH	b1100
pabC-mltG-tmk-holB-ycfH	b1099
pabC-mltG-tmk-holB-ycfH	b1098
pabC-mltG-tmk-holB-ycfH	b1097
pabC-mltG-tmk-holB-ycfH	b1096
yaiY	b0379
yiiF	b3890
ycbX	b0947
aat	b0885
puuP	b4742
puuP	b1296
ychJ	b1233
yceK	b1050
ydhXUT	b1671
ydhXUT	b1670
ydhXUT	b1669
leuQPV	b4368
leuQPV	b4369
leuQPV	b4370
pepB	b2523
pntAB	b1602
pntAB	b1603
fecIR	b4292
fecIR	b4293
def-fmt	b3287
def-fmt	b3288
yraR	b3152
nirBDC-cysG	b3365
nirBDC-cysG	b3366
nirBDC-cysG	b3367
nirBDC-cysG	b3368
yfdF	b2345
wecH	b3561
pheV	b2967
pstCAB-phoU	b3724
pstCAB-phoU	b3725
pstCAB-phoU	b3726
pstCAB-phoU	b3727
ptrA-recBD	b2821
ptrA-recBD	b2820
ptrA-recBD	b2819
fixABCX	b0044
fixABCX	b0043
fixABCX	b0042
fixABCX	b0041
poxB-ltaE-ybjT	b0871
poxB-ltaE-ybjT	b0870
poxB-ltaE-ybjT	b0869
micC	b4427
nanCMS	b4309
nanCMS	b4310
nanCMS	b4311
manXYZ-yobD	b1820
manXYZ-yobD	b1819
manXYZ-yobD	b1818
manXYZ-yobD	b1817
torI	b4501
pinR	b1374
yhiS	b3504
rlmM	b2806
rhsA-yibA	b3594
rhsA-yibA	b3593
pppA	b2972
pdxB-usg-truA-dedA	b2317
pdxB-usg-truA-dedA	b2318
pdxB-usg-truA-dedA	b2319
pdxB-usg-truA-dedA	b2320
ytfA	b4205
yqeF	b2844
dfp	b3639
yjgN	b4257
metC	b3008
pdeG	b1168
xylAB	b3564
xylAB	b3565
ybiO	b0808
yfdY	b2377
ymdB-clsC	b1046
ymdB-clsC	b1045
lysR	b2839
pyrSR-ypdC	b2382
pyrSR-ypdC	b2381
pyrSR-ypdC	b2380
yfcG	b2302
yhiL	b4660
yfbS	b2292
ralA	b4714
rayT	b0228
elaA	b2267
ttdABT	b3063
ttdABT	b3061
ttdABT	b3062
ybjP	b0865
imp-surA-pdxA	b0052
imp-surA-pdxA	b0053
imp-surA-pdxA	b0054
sdhE-ygfX	b2897
sdhE-ygfX	b2896
ygiV	b3023
lipA	b0628
yoaC	b1810
yecN-cmoAB	b1871
yecN-cmoAB	b1870
yecN-cmoAB	b1869
sodB	b1656
ychS	b1228
torYZ	b1872
torYZ	b1873
pgpB	b1278
ompW	b1256
dksA-gluQ	b0144
dksA-gluQ	b0145
rplNXE-rpsNH-rplFR-rpsE-rpmD-rplO-secY-rpmJ	b3299
rplNXE-rpsNH-rplFR-rpsE-rpmD-rplO-secY-rpmJ	b3300
rplNXE-rpsNH-rplFR-rpsE-rpmD-rplO-secY-rpmJ	b3301
rplNXE-rpsNH-rplFR-rpsE-rpmD-rplO-secY-rpmJ	b3302
rplNXE-rpsNH-rplFR-rpsE-rpmD-rplO-secY-rpmJ	b3303
rplNXE-rpsNH-rplFR-rpsE-rpmD-rplO-secY-rpmJ	b3304
rplNXE-rpsNH-rplFR-rpsE-rpmD-rplO-secY-rpmJ	b3305
rplNXE-rpsNH-rplFR-rpsE-rpmD-rplO-secY-rpmJ	b3306
rplNXE-rpsNH-rplFR-rpsE-rpmD-rplO-secY-rpmJ	b3307
rplNXE-rpsNH-rplFR-rpsE-rpmD-rplO-secY-rpmJ	b3308
rplNXE-rpsNH-rplFR-rpsE-rpmD-rplO-secY-rpmJ	b3309
rplNXE-rpsNH-rplFR-rpsE-rpmD-rplO-secY-rpmJ	b3310
ydhM	b1649
yhdU	b3263
mcaS	b4426
wcaKLM	b2045
wcaKLM	b2044
wcaKLM	b2043
yeiE	b2157
secB-gpsA	b3609
secB-gpsA	b3608
cbl	b1987
yjbI	b4038
aspC	b0928
C0293	b4806
ubiG	b2232
cbrBC	b3717
cbrBC	b3716
yhhY	b3441
bdm-sra	b1480
bdm-sra	b1481
roxA	b1128
dacC	b0839
pflDC	b3951
pflDC	b3952
fryBC-ypdFE-fryA	b2387
fryBC-ypdFE-fryA	b2386
fryBC-ypdFE-fryA	b2385
fryBC-ypdFE-fryA	b2384
fryBC-ypdFE-fryA	b2383
ybbB	b0503
nagE	b0679
yhbW	b3160
wzzB	b2027
ybeZY	b0660
ybeZY	b0659
corA	b3816
dtpB	b3496
rcsDB	b2217
rcsDB	b2216
yfeN	b2408
yjhV	b4286
argX-hisR-leuT-proM	b3796
argX-hisR-leuT-proM	b3797
argX-hisR-leuT-proM	b3798
argX-hisR-leuT-proM	b3799
argG	b3172
tcyJ	b1920
yhiN	b3492
yfiE	b2577
ssnA	b2879
ycaR-kdsB	b0918
ycaR-kdsB	b0917
yfjR-ypjK-yfjS-yfjT	b2637
yfjR-ypjK-yfjS-yfjT	b2636
yfjR-ypjK-yfjS-yfjT	b2635
yfjR-ypjK-yfjS-yfjT	b2634
sroA	b4762
lldPRD	b3605
lldPRD	b3604
lldPRD	b3603
gloA	b1651
clcB	b1592
ghrA	b1033
yciG	b1259
yjbFGH	b4029
yjbFGH	b4028
yjbFGH	b4027
yhfG-fic-pabA	b3360
yhfG-fic-pabA	b3361
yhfG-fic-pabA	b3362
narUZYWV	b1465
narUZYWV	b1466
narUZYWV	b1467
narUZYWV	b1468
narUZYWV	b1469
yaiO	b0358
yiaT	b3584
dcyD-tcyLN	b1919
dcyD-tcyLN	b1918
dcyD-tcyLN	b1917
aceK	b4016
rluC	b1086
rlmN	b2517
dinQ	b4613
ygbI	b2735
yraQ	b3151
ycgH	b4491
prpR	b0330
yfcUSRQPO	b4661
yfcUSRQPO	b2336
yfcUSRQPO	b2335
yfcUSRQPO	b2334
yfcUSRQPO	b2333
yfcUSRQPO	b2332
agaR	b3131
lsrK	b1511
fucU	b2804
speB	b2937
yfgF	b2503
artJ	b0860
queD	b2765
hemN	b3867
nikR	b3481
ydgI-folM	b1606
ydgI-folM	b1605
kdgR	b1827
rpsO	b3165
safA-ydeO	b1499
safA-ydeO	b1500
argA	b2818
ompX	b0814
tehAB	b1429
tehAB	b1430
galP	b2943
intD	b0537
narWV	b1465
narWV	b1466
hemA-prfA-prmC	b1212
hemA-prfA-prmC	b1211
hemA-prfA-prmC	b1210
gntK	b3437
ligT	b0147
ychN	b1219
pdeR	b1285
yjgH	b4248
rpnE-ypaA	b4543
rpnE-ypaA	b2244
rpsU	b3065
pdxA-rsmA-apaGH	b0049
pdxA-rsmA-apaGH	b0050
pdxA-rsmA-apaGH	b0051
pdxA-rsmA-apaGH	b0052
yjhF	b4296
yajQ	b0426
rimP-nusA-infB	b3170
rimP-nusA-infB	b3168
rimP-nusA-infB	b3169
yafU	b0218
yghO	b2981
ydfV	b1565
rpnA	b3411
ydeN	b1498
ynaJ	b1332
glnK-amtB	b0451
glnK-amtB	b0450
purR	b1658
yegH	b2063
csrD	b3252
nanA	b3225
yggSTU-rdgB-hemW	b2955
yggSTU-rdgB-hemW	b2954
yggSTU-rdgB-hemW	b2953
yggSTU-rdgB-hemW	b2952
yggSTU-rdgB-hemW	b2951
nadK	b2615
yihG	b3862
yhjJ	b3527
serB-radA	b4389
serB-radA	b4388
ygeH	b2852
rhtA	b0813
gntP	b4321
slyD	b3349
yeiR-lpxT	b2174
yeiR-lpxT	b2173
pyrF-yciH	b1282
pyrF-yciH	b1281
chiA	b3338
lsrACDBFG-tam	b1519
lsrACDBFG-tam	b1518
lsrACDBFG-tam	b1517
lsrACDBFG-tam	b1516
lsrACDBFG-tam	b1515
lsrACDBFG-tam	b1514
lsrACDBFG-tam	b1513
ycgN	b1181
aspA	b4139
tsaD	b3064
ybcH	b0567
glpTQ	b2239
glpTQ	b2240
symR	b4625
ybiT	b0820
yhcADE	b4569
yhcADE	b3216
yhcADE	b3215
fabR-yijD	b3964
fabR-yijD	b3963
rseP	b0176
hiuH-msrPQ	b1972
hiuH-msrPQ	b1971
hiuH-msrPQ	b1970
msrPQ	b1972
msrPQ	b1971
ygjI	b3078
yadD	b0132
yhdWXYZ	b3271
yhdWXYZ	b3270
yhdWXYZ	b3269
yhdWXYZ	b3268
yidR	b3689
yegE	b2067
arfA	b4550
